-- phpMyAdmin SQL Dump
-- version 4.8.4
-- https://www.phpmyadmin.net/
--
-- Máy chủ: 127.0.0.1
-- Thời gian đã tạo: Th5 28, 2019 lúc 07:22 PM
-- Phiên bản máy phục vụ: 10.1.37-MariaDB
-- Phiên bản PHP: 7.3.0

SET SQL_MODE = "NO_AUTO_VALUE_ON_ZERO";
SET AUTOCOMMIT = 0;
START TRANSACTION;
SET time_zone = "+00:00";


/*!40101 SET @OLD_CHARACTER_SET_CLIENT=@@CHARACTER_SET_CLIENT */;
/*!40101 SET @OLD_CHARACTER_SET_RESULTS=@@CHARACTER_SET_RESULTS */;
/*!40101 SET @OLD_COLLATION_CONNECTION=@@COLLATION_CONNECTION */;
/*!40101 SET NAMES utf8mb4 */;

--
-- Cơ sở dữ liệu: `eapi`
--

-- --------------------------------------------------------

--
-- Cấu trúc bảng cho bảng `migrations`
--

CREATE TABLE `migrations` (
  `id` int(10) UNSIGNED NOT NULL,
  `migration` varchar(191) COLLATE utf8mb4_unicode_ci NOT NULL,
  `batch` int(11) NOT NULL
) ENGINE=InnoDB DEFAULT CHARSET=utf8mb4 COLLATE=utf8mb4_unicode_ci;

--
-- Đang đổ dữ liệu cho bảng `migrations`
--

INSERT INTO `migrations` (`id`, `migration`, `batch`) VALUES
(1, '2014_10_12_000000_create_users_table', 1),
(2, '2014_10_12_100000_create_password_resets_table', 1),
(3, '2019_05_28_152041_create_products_table', 1),
(4, '2019_05_28_152126_create_reviews_table', 1);

-- --------------------------------------------------------

--
-- Cấu trúc bảng cho bảng `password_resets`
--

CREATE TABLE `password_resets` (
  `email` varchar(191) COLLATE utf8mb4_unicode_ci NOT NULL,
  `token` varchar(191) COLLATE utf8mb4_unicode_ci NOT NULL,
  `created_at` timestamp NULL DEFAULT NULL
) ENGINE=InnoDB DEFAULT CHARSET=utf8mb4 COLLATE=utf8mb4_unicode_ci;

-- --------------------------------------------------------

--
-- Cấu trúc bảng cho bảng `products`
--

CREATE TABLE `products` (
  `id` int(10) UNSIGNED NOT NULL,
  `name` varchar(191) COLLATE utf8mb4_unicode_ci NOT NULL,
  `price` int(11) NOT NULL,
  `detail` text COLLATE utf8mb4_unicode_ci NOT NULL,
  `stock` int(11) NOT NULL,
  `discount` int(11) NOT NULL,
  `created_at` timestamp NULL DEFAULT NULL,
  `updated_at` timestamp NULL DEFAULT NULL
) ENGINE=InnoDB DEFAULT CHARSET=utf8mb4 COLLATE=utf8mb4_unicode_ci;

--
-- Đang đổ dữ liệu cho bảng `products`
--

INSERT INTO `products` (`id`, `name`, `price`, `detail`, `stock`, `discount`, `created_at`, `updated_at`) VALUES
(1, 'dolores', 870187, 'Quo dolore dolorem officiis et quas. Laborum et quam voluptates corrupti. Temporibus pariatur quo vel deserunt quis voluptas iste. Sit placeat deleniti maiores facere illum.', 8, 16, '2019-05-28 10:19:48', '2019-05-28 10:19:48'),
(2, 'ea', 808593, 'Assumenda beatae omnis voluptas quas vel voluptate et. Enim nulla provident occaecati animi. Sit molestiae iusto laudantium. Porro ea repellendus rerum cupiditate totam rerum dignissimos.', 2, 2, '2019-05-28 10:19:48', '2019-05-28 10:19:48'),
(3, 'et', 228970, 'Quae consectetur eos ut magnam debitis rem minima. Consequuntur est placeat repudiandae temporibus id id.', 1, 17, '2019-05-28 10:19:48', '2019-05-28 10:19:48'),
(4, 'ut', 610960, 'Facere enim qui consequatur qui. Eligendi ipsa maiores odio neque sequi. Velit qui aut atque est. Quas doloribus odit similique et similique maxime est.', 5, 22, '2019-05-28 10:19:48', '2019-05-28 10:19:48'),
(5, 'recusandae', 151278, 'Quisquam optio consectetur error et. Ducimus omnis quia nobis qui illum incidunt. Quidem deleniti magnam inventore nihil.', 0, 26, '2019-05-28 10:19:48', '2019-05-28 10:19:48'),
(6, 'iure', 858436, 'Inventore amet non repellat rerum quidem. Sit assumenda molestiae magni natus voluptas animi. Eaque sit eaque consequatur ut.', 7, 22, '2019-05-28 10:19:48', '2019-05-28 10:19:48'),
(7, 'ab', 439807, 'Autem aut quod facere neque id. Et est id laudantium reiciendis cupiditate saepe quis quis. Earum fuga velit earum fuga quo incidunt sint.', 4, 14, '2019-05-28 10:19:48', '2019-05-28 10:19:48'),
(8, 'aspernatur', 530171, 'Voluptatem voluptatum veritatis vel inventore consectetur. Distinctio iste quis consequatur sit. Architecto ratione accusantium est.', 8, 28, '2019-05-28 10:19:48', '2019-05-28 10:19:48'),
(9, 'dignissimos', 636925, 'Eos modi ad repudiandae et quo soluta. Omnis iure unde et et ut sint quia officiis. Voluptatem cumque accusantium doloremque molestiae aut architecto incidunt dolore. Rerum omnis et nihil illum.', 1, 26, '2019-05-28 10:19:48', '2019-05-28 10:19:48'),
(10, 'cum', 317445, 'Rerum facilis accusantium est voluptas. Expedita impedit qui soluta veritatis qui. Voluptatum quia sint at sed aperiam.', 2, 28, '2019-05-28 10:19:48', '2019-05-28 10:19:48'),
(11, 'voluptas', 339254, 'Ea omnis ut distinctio. Iste tempora vel ipsa rem quia. Qui pariatur natus quia pariatur molestiae excepturi recusandae.', 9, 13, '2019-05-28 10:19:48', '2019-05-28 10:19:48'),
(12, 'et', 343683, 'Nam voluptatibus qui recusandae aliquid accusantium earum. Nemo omnis amet unde repellendus et nemo culpa. Quis sint optio repellat dignissimos. Aliquam consequatur illo suscipit. Repellendus facilis quos et sit rerum non provident.', 6, 27, '2019-05-28 10:19:48', '2019-05-28 10:19:48'),
(13, 'ut', 654851, 'Suscipit est explicabo commodi autem eligendi unde. Dolorem quia ipsam et accusantium dolorum asperiores cumque rerum. Consectetur temporibus quo consequatur praesentium qui ex reprehenderit assumenda. Qui dolorem voluptatem possimus delectus non aut sit.', 0, 22, '2019-05-28 10:19:48', '2019-05-28 10:19:48'),
(14, 'ad', 437829, 'Ea qui dolor odit. Vel praesentium tenetur commodi dolorem ut sed inventore. Modi eos consequatur voluptatem quibusdam molestiae ipsum et.', 6, 5, '2019-05-28 10:19:48', '2019-05-28 10:19:48'),
(15, 'exercitationem', 507499, 'Ea soluta eos expedita alias. Nihil non est temporibus vitae. Deleniti explicabo doloribus dolorum pariatur numquam fugit. Veniam sunt enim pariatur voluptatibus animi.', 4, 10, '2019-05-28 10:19:48', '2019-05-28 10:19:48'),
(16, 'voluptas', 177861, 'Autem id et eveniet suscipit. Voluptatibus voluptatem quas veniam dolor dolorum consequuntur voluptatem. Consectetur velit sequi laborum et est excepturi.', 6, 25, '2019-05-28 10:19:48', '2019-05-28 10:19:48'),
(17, 'dolores', 243016, 'Voluptatibus quisquam repellat laborum tempore. Sed quia eveniet omnis quis qui officiis ex.', 8, 19, '2019-05-28 10:19:48', '2019-05-28 10:19:48'),
(18, 'nisi', 383369, 'Omnis necessitatibus ut eveniet. Error et temporibus quibusdam at molestias.', 1, 4, '2019-05-28 10:19:48', '2019-05-28 10:19:48'),
(19, 'perspiciatis', 889110, 'Velit aut magni minus aut sapiente ratione iure. Pariatur id at dolor suscipit.', 0, 25, '2019-05-28 10:19:48', '2019-05-28 10:19:48'),
(20, 'maxime', 577687, 'Hic quaerat sint aspernatur ducimus. Repellendus ex voluptatibus aut possimus quaerat. Debitis saepe autem commodi ut eaque beatae id qui. Eius enim cumque consequuntur quam voluptatem.', 3, 2, '2019-05-28 10:19:48', '2019-05-28 10:19:48'),
(21, 'reprehenderit', 713960, 'Ut et officiis sunt ex nihil quasi et. Inventore autem laborum quia doloremque eum tempore aliquid. Qui deleniti aut debitis quibusdam. Voluptatem dolore deleniti aut id non qui illum.', 3, 2, '2019-05-28 10:19:48', '2019-05-28 10:19:48'),
(22, 'nam', 162581, 'Aperiam repellendus a quis odio magnam qui quis. Et consequatur quidem illum. Cupiditate nihil quaerat sit quia. Fugiat optio ducimus minima quis rerum voluptatem dolorem mollitia. Voluptates non quo omnis non maxime blanditiis aut.', 6, 30, '2019-05-28 10:19:48', '2019-05-28 10:19:48'),
(23, 'sequi', 464391, 'Quis nulla harum ad odio vel in ea deleniti. Sequi earum at voluptatem et consequatur vel. Unde molestias quae officiis enim similique aut.', 3, 25, '2019-05-28 10:19:48', '2019-05-28 10:19:48'),
(24, 'incidunt', 136972, 'Vel porro nihil quas iusto ducimus dolores quasi. Ducimus quisquam quia debitis aut ratione eos. Ea qui deleniti minus impedit consequatur aut.', 3, 24, '2019-05-28 10:19:48', '2019-05-28 10:19:48'),
(25, 'itaque', 678253, 'Soluta sunt tenetur vel pariatur. Mollitia molestias sapiente reiciendis vero. Quibusdam natus adipisci eius animi vel beatae.', 9, 14, '2019-05-28 10:19:48', '2019-05-28 10:19:48'),
(26, 'ab', 564475, 'Vel occaecati veniam iusto quam dignissimos eos ea. Voluptatem sed aut et harum qui. Sunt fuga quasi dolorem magni dolorem.', 6, 26, '2019-05-28 10:19:48', '2019-05-28 10:19:48'),
(27, 'qui', 936319, 'Rerum minus modi ullam eos quibusdam est accusamus. Perspiciatis deserunt laudantium culpa enim ipsam. Provident commodi culpa numquam tempora enim.', 5, 20, '2019-05-28 10:19:48', '2019-05-28 10:19:48'),
(28, 'consequatur', 850908, 'Occaecati sint unde eius ratione molestiae accusamus. Facilis rerum hic dolorum ut mollitia magnam. Ut voluptas laudantium porro et repellendus culpa aut perferendis.', 2, 22, '2019-05-28 10:19:48', '2019-05-28 10:19:48'),
(29, 'sint', 302964, 'Cumque omnis neque accusantium ea eum quibusdam. Autem sit cumque consequatur unde cupiditate mollitia. Ea tempore et nemo consequatur.', 8, 12, '2019-05-28 10:19:48', '2019-05-28 10:19:48'),
(30, 'maiores', 524939, 'Quis consectetur omnis et commodi quos sint facilis expedita. Quos et aut consectetur sunt voluptas. Ea nobis ab id quaerat. Voluptates ea quam rerum repellat est non. Sed placeat velit eligendi nobis ut.', 5, 13, '2019-05-28 10:19:48', '2019-05-28 10:19:48'),
(31, 'in', 670795, 'Inventore est perspiciatis labore dolorem asperiores non sapiente. Est ut error sint sint labore ut et. Repudiandae qui quos vero iusto in quo qui.', 0, 21, '2019-05-28 10:19:49', '2019-05-28 10:19:49'),
(32, 'repudiandae', 274971, 'Officia ut a quis quis harum omnis. Nisi suscipit qui et omnis soluta non. Nisi ratione quas qui ab incidunt voluptate tenetur optio. Nisi quos illum et et.', 5, 21, '2019-05-28 10:19:49', '2019-05-28 10:19:49'),
(33, 'ut', 851767, 'Corporis voluptatem et praesentium beatae quas est. Sint nesciunt modi dolore tenetur sint. Quidem aperiam eius ex est voluptatem. Accusamus inventore iste facere eaque autem.', 9, 22, '2019-05-28 10:19:49', '2019-05-28 10:19:49'),
(34, 'aut', 889236, 'Aut animi architecto est animi eos illum. Reiciendis et exercitationem commodi qui et nobis aspernatur sit. Animi eius est delectus harum aut neque nesciunt id. Sed architecto aspernatur non et et consectetur.', 4, 27, '2019-05-28 10:19:49', '2019-05-28 10:19:49'),
(35, 'veritatis', 703080, 'Velit quae iusto vero nesciunt officia quaerat est quis. Est veritatis non et quibusdam exercitationem. At harum molestias sint unde a recusandae sed.', 4, 11, '2019-05-28 10:19:49', '2019-05-28 10:19:49'),
(36, 'excepturi', 142877, 'Iusto esse delectus praesentium at necessitatibus. Quia aspernatur asperiores ut quia. Quo enim sunt voluptatem quisquam maxime. Asperiores nemo earum aut.', 6, 24, '2019-05-28 10:19:49', '2019-05-28 10:19:49'),
(37, 'perspiciatis', 83183, 'Ipsam ut rerum nulla modi delectus. Ut eaque nihil nam quasi magnam ut. Doloribus praesentium ut natus eos quasi.', 7, 4, '2019-05-28 10:19:49', '2019-05-28 10:19:49'),
(38, 'impedit', 37057, 'Temporibus deserunt est dolorum. Ratione nisi et ex voluptatem ducimus sunt cumque. Vero iste voluptas quisquam aspernatur distinctio cupiditate illo blanditiis.', 7, 30, '2019-05-28 10:19:49', '2019-05-28 10:19:49'),
(39, 'exercitationem', 495701, 'Itaque sapiente praesentium ad eveniet ut. Non odio illo reprehenderit voluptas aut occaecati. Est et qui veniam sunt labore dolor.', 7, 13, '2019-05-28 10:19:49', '2019-05-28 10:19:49'),
(40, 'eum', 902225, 'Vitae voluptatem dolores commodi. Pariatur sequi tenetur quae quod. At nisi numquam a dolorem est explicabo veritatis.', 9, 20, '2019-05-28 10:19:49', '2019-05-28 10:19:49'),
(41, 'et', 592111, 'Quia voluptas sed nostrum omnis consequatur. Quia fuga saepe nam voluptatem. Velit nobis est aut et voluptas.', 5, 15, '2019-05-28 10:19:49', '2019-05-28 10:19:49'),
(42, 'beatae', 791796, 'Quia assumenda aperiam quia facere repudiandae. Facere et perferendis sint enim.', 8, 23, '2019-05-28 10:19:49', '2019-05-28 10:19:49'),
(43, 'eum', 936443, 'Repellat mollitia sint libero tempore. Unde et nam ut amet. Quidem nobis ut iusto enim tenetur autem aperiam. Voluptas dolor quisquam consequatur dolor qui nostrum dolorem.', 2, 28, '2019-05-28 10:19:49', '2019-05-28 10:19:49'),
(44, 'officia', 533907, 'Est quis earum minima consequatur rerum alias. Inventore laudantium autem rerum tempore. Eos velit labore sed sequi ipsa non.', 7, 28, '2019-05-28 10:19:49', '2019-05-28 10:19:49'),
(45, 'non', 25063, 'Maxime deleniti veritatis illum voluptatem adipisci fugiat. Aut voluptatem adipisci eveniet sequi debitis cumque sed. Quia expedita accusamus reprehenderit.', 0, 21, '2019-05-28 10:19:49', '2019-05-28 10:19:49'),
(46, 'quaerat', 166805, 'Nihil quo ex voluptas qui sit corporis enim. Voluptatibus ducimus commodi quam cum rerum. Alias blanditiis debitis et odio sint blanditiis quos.', 7, 3, '2019-05-28 10:19:49', '2019-05-28 10:19:49'),
(47, 'cumque', 448557, 'Error facilis at dicta. Optio quas veniam nisi natus eligendi distinctio. Assumenda vero fugiat consequatur voluptas quo ducimus impedit. Odit voluptatem pariatur ad enim.', 4, 20, '2019-05-28 10:19:49', '2019-05-28 10:19:49'),
(48, 'possimus', 938295, 'Temporibus et quis eum. Nisi voluptate eum aut aut quod. Veniam dolores dolorem occaecati quis aut assumenda. Itaque in amet quaerat eos consequatur non eum.', 7, 16, '2019-05-28 10:19:49', '2019-05-28 10:19:49'),
(49, 'et', 633718, 'Asperiores pariatur ratione voluptas. Sunt aut voluptatibus consectetur ut aut ab. Recusandae labore provident quisquam nemo sit nam. Amet quia nemo fuga non et deserunt libero.', 6, 25, '2019-05-28 10:19:49', '2019-05-28 10:19:49'),
(50, 'ut', 331002, 'Atque qui autem eligendi veritatis. Dolores est unde enim quaerat est et. Quia eligendi veritatis a nostrum.', 8, 25, '2019-05-28 10:19:49', '2019-05-28 10:19:49');

-- --------------------------------------------------------

--
-- Cấu trúc bảng cho bảng `reviews`
--

CREATE TABLE `reviews` (
  `id` int(10) UNSIGNED NOT NULL,
  `product_id` int(10) UNSIGNED NOT NULL,
  `customer` varchar(191) COLLATE utf8mb4_unicode_ci NOT NULL,
  `review` text COLLATE utf8mb4_unicode_ci NOT NULL,
  `star` int(11) NOT NULL,
  `created_at` timestamp NULL DEFAULT NULL,
  `updated_at` timestamp NULL DEFAULT NULL
) ENGINE=InnoDB DEFAULT CHARSET=utf8mb4 COLLATE=utf8mb4_unicode_ci;

--
-- Đang đổ dữ liệu cho bảng `reviews`
--

INSERT INTO `reviews` (`id`, `product_id`, `customer`, `review`, `star`, `created_at`, `updated_at`) VALUES
(1, 23, 'Jerald Kuphal', 'Voluptate sequi quos perferendis libero et. Blanditiis tenetur voluptatem est sunt et. Minima cupiditate voluptatem ducimus rem. Nisi sed sed ratione enim est.', 4, '2019-05-28 10:19:49', '2019-05-28 10:19:49'),
(2, 21, 'Dr. Lucy Schmidt DVM', 'Nihil sunt pariatur consequatur est beatae enim. Error consequatur dolorem facilis molestiae esse. Cumque neque qui aliquam aut non tenetur. Nesciunt et ratione ea rem inventore ex aut.', 5, '2019-05-28 10:19:49', '2019-05-28 10:19:49'),
(3, 28, 'Gerson Langosh Sr.', 'Aut rem amet non sed voluptatum omnis fuga nihil. Itaque architecto et sint quae id animi. Necessitatibus sit doloremque autem dicta.', 5, '2019-05-28 10:19:49', '2019-05-28 10:19:49'),
(4, 11, 'Christopher Kerluke', 'Repellendus tempora cumque distinctio rerum autem. Et fuga omnis aut sunt qui similique aut.', 4, '2019-05-28 10:19:49', '2019-05-28 10:19:49'),
(5, 16, 'Pierre Cartwright', 'Eaque odit occaecati commodi voluptates. Odio asperiores accusamus cumque hic rerum. Enim nostrum tempore numquam natus est veniam. Perferendis quasi et rerum enim voluptatum rerum et. Quia quas necessitatibus id aut ut veritatis iure quidem.', 0, '2019-05-28 10:19:49', '2019-05-28 10:19:49'),
(6, 26, 'Natalie Stanton', 'Rerum eos error deserunt at porro dolor adipisci. Officia aut vero ut cumque. Blanditiis sequi omnis tempore error eum perferendis adipisci. Exercitationem autem voluptas illo voluptatum dolor.', 4, '2019-05-28 10:19:49', '2019-05-28 10:19:49'),
(7, 8, 'Burdette Stokes', 'Aperiam corporis at fugit a accusantium. Commodi hic iste suscipit praesentium tenetur quidem. Enim sed aspernatur ducimus nihil doloremque voluptatem repudiandae.', 1, '2019-05-28 10:19:49', '2019-05-28 10:19:49'),
(8, 18, 'Eunice Glover', 'Aut aut ipsam minus et et. Est ut delectus et ullam est sint nisi. Aut autem quia explicabo quisquam necessitatibus voluptatem.', 1, '2019-05-28 10:19:49', '2019-05-28 10:19:49'),
(9, 2, 'Zachary Weber', 'Rerum illum et maxime. Qui tempora assumenda aliquid iste voluptatem vero ut. Non itaque dolorem praesentium reiciendis.', 5, '2019-05-28 10:19:49', '2019-05-28 10:19:49'),
(10, 19, 'Maida Bauch', 'Quaerat autem iusto ut nemo. Veritatis quasi rerum sunt reiciendis ut voluptatem. Necessitatibus dolor ducimus eum placeat. Et iure a tenetur asperiores totam sint quod sit.', 4, '2019-05-28 10:19:49', '2019-05-28 10:19:49'),
(11, 22, 'Percy Ondricka', 'Optio voluptatem repellat et est ea iste. Qui vel ducimus quaerat nesciunt praesentium velit. Ipsa dolores necessitatibus perferendis fuga.', 5, '2019-05-28 10:19:49', '2019-05-28 10:19:49'),
(12, 18, 'Mrs. Libby Weissnat', 'Dolorem sed ducimus voluptas. Porro inventore quae aliquid impedit ut. Omnis dolores aspernatur maiores iusto temporibus aliquid excepturi nisi.', 3, '2019-05-28 10:19:49', '2019-05-28 10:19:49'),
(13, 12, 'Elnora Bartell', 'Quidem sit ea dolores. Omnis pariatur porro aut fugiat quam. Alias necessitatibus quis praesentium ut et labore.', 0, '2019-05-28 10:19:49', '2019-05-28 10:19:49'),
(14, 5, 'Prof. Tyler Weimann', 'Voluptatem eveniet labore eaque nostrum reiciendis. Doloribus accusantium architecto dolores sit voluptatibus maiores consequatur. Delectus corrupti illum autem doloribus atque voluptas omnis.', 3, '2019-05-28 10:19:49', '2019-05-28 10:19:49'),
(15, 47, 'Laron Prohaska', 'Quis ea eos libero sit ullam quia eum. Tenetur perspiciatis odit consequatur quo sequi. Qui et aut distinctio consequatur aut amet ipsam quibusdam. Hic numquam et ut provident esse eum.', 2, '2019-05-28 10:19:49', '2019-05-28 10:19:49'),
(16, 20, 'Prof. Hazle Russel', 'Eligendi ea sed perferendis fugit animi. Modi libero praesentium sed aliquid. Delectus id quisquam sunt quia sed vitae voluptatem.', 0, '2019-05-28 10:19:49', '2019-05-28 10:19:49'),
(17, 17, 'Albin Windler', 'Soluta est minima ipsam magnam repudiandae voluptas. Itaque officiis voluptatibus dolor illum. Rerum voluptatem corrupti pariatur nostrum molestiae.', 1, '2019-05-28 10:19:49', '2019-05-28 10:19:49'),
(18, 26, 'Lee Romaguera', 'Quibusdam quidem provident debitis. Quaerat tempora neque temporibus ratione. Quibusdam quae et tempore eaque. Non aut voluptatem exercitationem.', 2, '2019-05-28 10:19:49', '2019-05-28 10:19:49'),
(19, 28, 'Maida Hessel Sr.', 'Consequatur culpa pariatur quisquam. Sint laboriosam qui et perspiciatis minus. Commodi quia sint tempore non repellendus unde delectus.', 0, '2019-05-28 10:19:49', '2019-05-28 10:19:49'),
(20, 50, 'Dr. Maci Morar MD', 'Libero quasi molestias libero quasi. Quis necessitatibus ipsam est aut. Ut labore quia asperiores minus praesentium doloremque. Qui amet voluptates odit maiores qui et placeat.', 5, '2019-05-28 10:19:49', '2019-05-28 10:19:49'),
(21, 40, 'Prof. Christian Larkin III', 'Vel dolores hic id atque. Sequi quibusdam voluptate ab ut ad nam. Provident voluptatem recusandae nihil qui voluptatem dolorem. Aut cupiditate architecto harum eum voluptatem.', 4, '2019-05-28 10:19:49', '2019-05-28 10:19:49'),
(22, 4, 'Monte Pouros', 'Quis quis voluptatem nemo veniam in labore debitis sint. Quae ipsum aperiam amet quas consequuntur. Quasi facere ratione aut. Non quia consectetur quo in.', 5, '2019-05-28 10:19:49', '2019-05-28 10:19:49'),
(23, 28, 'Mrs. Mona Hoppe', 'A praesentium qui veritatis eos et laborum. Voluptas a blanditiis porro ut et molestiae aut ut. Blanditiis quia in blanditiis ut neque commodi est. Veniam et asperiores id quae nobis. Est accusamus repellendus provident facere totam alias reprehenderit.', 2, '2019-05-28 10:19:49', '2019-05-28 10:19:49'),
(24, 29, 'Wellington Strosin', 'Consequatur dolorum aliquid inventore porro quaerat quia asperiores. Eos qui qui voluptatem et. Aut voluptas et laborum ex qui molestiae.', 5, '2019-05-28 10:19:49', '2019-05-28 10:19:49'),
(25, 29, 'Einar White', 'Ipsam rerum aliquam delectus quis. Saepe itaque aspernatur officiis est quis voluptates. Suscipit rerum voluptatibus voluptatem. Animi vel totam id.', 5, '2019-05-28 10:19:49', '2019-05-28 10:19:49'),
(26, 36, 'Horacio Kris', 'Fugit quibusdam autem harum dolorem et. Quibusdam omnis esse ipsum dolores aut eius qui. Qui dignissimos eveniet qui architecto eaque odio.', 3, '2019-05-28 10:19:49', '2019-05-28 10:19:49'),
(27, 28, 'Queen Ullrich', 'Ea repellat quo quidem sed dolor natus eum. Quo totam itaque molestias enim. Sit iusto pariatur non iste quaerat aperiam.', 3, '2019-05-28 10:19:49', '2019-05-28 10:19:49'),
(28, 29, 'Hanna Ruecker', 'Laboriosam veniam a et. Velit minus placeat veritatis et qui expedita non modi. Unde culpa doloribus quae sit ut sequi.', 5, '2019-05-28 10:19:49', '2019-05-28 10:19:49'),
(29, 26, 'Mrs. Freida Ratke IV', 'Veniam architecto dolores iusto qui dolor natus ut quaerat. Ut laborum dolor voluptatem. Deleniti eos voluptatem itaque excepturi ea nostrum. Quia rerum ullam dolor natus suscipit tempore.', 1, '2019-05-28 10:19:49', '2019-05-28 10:19:49'),
(30, 41, 'Rick Jenkins', 'Et voluptas nam commodi sint fuga doloremque sed. Expedita provident libero ipsum et quo consequatur voluptates ex. Rerum aperiam nihil magni laboriosam sapiente necessitatibus voluptates.', 0, '2019-05-28 10:19:49', '2019-05-28 10:19:49'),
(31, 41, 'Mitchel Brown', 'Illum rerum voluptates quo vitae harum suscipit. Ducimus sunt incidunt ut quas ex. Adipisci corrupti qui quae dolore accusamus delectus. Ut perspiciatis rem ratione veritatis facere. Explicabo voluptatum possimus commodi et.', 0, '2019-05-28 10:19:49', '2019-05-28 10:19:49'),
(32, 32, 'Hans Mohr', 'Ex facere totam sunt sapiente at rerum labore. Beatae sed unde quis maiores. Eius veniam provident commodi quasi.', 2, '2019-05-28 10:19:49', '2019-05-28 10:19:49'),
(33, 4, 'Prof. Kaya Kulas Sr.', 'Ut quo tempora eos. Voluptas soluta qui delectus veniam voluptatem temporibus. Quidem expedita beatae fugit a non.', 0, '2019-05-28 10:19:49', '2019-05-28 10:19:49'),
(34, 43, 'Lysanne Walter', 'Qui harum voluptatum saepe voluptas. Aut autem eveniet iure vel nulla blanditiis debitis. Amet fugit dolorem fuga minus et et et enim. Error autem aspernatur atque ut est ab.', 5, '2019-05-28 10:19:49', '2019-05-28 10:19:49'),
(35, 33, 'Dr. Bennie Oberbrunner DVM', 'Explicabo tempora sunt voluptatem vero quod animi id. Vel nulla autem deleniti quia quidem consectetur. Assumenda qui ut molestiae veritatis reiciendis temporibus at. Maiores ad at est optio architecto similique rem beatae. Magni recusandae repellendus soluta aut ipsa dolores nam.', 2, '2019-05-28 10:19:49', '2019-05-28 10:19:49'),
(36, 45, 'Jazlyn Douglas', 'Id placeat et amet. Et impedit nesciunt quae necessitatibus quia.', 4, '2019-05-28 10:19:49', '2019-05-28 10:19:49'),
(37, 30, 'Antone Crooks', 'Nostrum minus minus voluptates accusantium quis exercitationem. Quaerat illum expedita vero. Vitae odio fugiat eum sunt vero ut non. Blanditiis expedita a praesentium eveniet deleniti dolores voluptatem. Cumque facere autem est alias expedita.', 3, '2019-05-28 10:19:49', '2019-05-28 10:19:49'),
(38, 33, 'Charity Rippin', 'A sint deserunt nihil iure autem eligendi perspiciatis. Non ut consequatur architecto perferendis quasi. Commodi vel autem et ut dolorem ipsum culpa.', 4, '2019-05-28 10:19:49', '2019-05-28 10:19:49'),
(39, 39, 'Mr. Modesto Terry V', 'Iste aperiam soluta voluptas possimus ullam accusantium. Harum harum facilis qui eos impedit ut harum. Accusantium accusamus aut ut velit quae.', 0, '2019-05-28 10:19:49', '2019-05-28 10:19:49'),
(40, 29, 'Violet Schulist', 'Quidem soluta dolore non facere ex omnis sunt. Tempore temporibus ea minus cum sed enim.', 1, '2019-05-28 10:19:49', '2019-05-28 10:19:49'),
(41, 26, 'Tyreek Kuhlman', 'Est amet iure est velit facere aperiam ut. Qui atque quisquam dolor repellat aperiam dolore praesentium. Aspernatur consectetur provident culpa.', 3, '2019-05-28 10:19:49', '2019-05-28 10:19:49'),
(42, 50, 'Kelton Dickinson', 'Quidem illo nesciunt veritatis ad ea. Nam neque quis qui eius.', 5, '2019-05-28 10:19:49', '2019-05-28 10:19:49'),
(43, 32, 'Aditya Wiegand', 'Commodi debitis facere accusantium. Ut voluptatem sed et. Distinctio enim non nemo dolore porro.', 1, '2019-05-28 10:19:49', '2019-05-28 10:19:49'),
(44, 17, 'Gilda Turcotte', 'Quod sit mollitia sit qui consequatur occaecati. Numquam occaecati et cumque eum nulla aliquid ab.', 1, '2019-05-28 10:19:49', '2019-05-28 10:19:49'),
(45, 24, 'Kaycee Schulist', 'Nostrum consectetur eum eos in similique. Autem quas incidunt molestias quo nemo est rerum. Aspernatur rerum qui quaerat officia praesentium vitae.', 3, '2019-05-28 10:19:49', '2019-05-28 10:19:49'),
(46, 8, 'Deangelo Renner', 'Sapiente aliquam et expedita possimus non placeat modi. Possimus et cumque iusto necessitatibus veritatis. Non temporibus quia aut fugit in aspernatur maxime. Porro cupiditate architecto consectetur voluptatem.', 1, '2019-05-28 10:19:49', '2019-05-28 10:19:49'),
(47, 40, 'Ron Blanda', 'Recusandae harum nam maxime sunt id. Eos necessitatibus iste enim veritatis illo. Incidunt distinctio ut culpa. Molestiae voluptatum ea repudiandae corporis eaque.', 3, '2019-05-28 10:19:49', '2019-05-28 10:19:49'),
(48, 14, 'Joyce Weimann', 'Necessitatibus aut ducimus quia sunt. Ea minima ea repudiandae dolorem repellat qui tempore. Et modi repellat dolorum ea illo.', 3, '2019-05-28 10:19:49', '2019-05-28 10:19:49'),
(49, 1, 'Miss Verona Labadie I', 'Aut distinctio dolor vel maxime. Corrupti minus quia hic est deserunt eius est eum. Et pariatur nulla mollitia molestias. Quisquam laborum nihil ipsam ipsam ut.', 3, '2019-05-28 10:19:49', '2019-05-28 10:19:49'),
(50, 40, 'Johnson Hill', 'Ex distinctio ratione officia non libero. Amet laborum facere est. Odio aut quod ullam repellat rerum inventore numquam. Nam qui veritatis reprehenderit et hic eum incidunt.', 1, '2019-05-28 10:19:49', '2019-05-28 10:19:49'),
(51, 22, 'Natalie Larson', 'Et fugiat enim harum sit omnis id rerum. Tempora aspernatur consequatur commodi assumenda illo voluptas. Et odio minima consequuntur error eos. Minima maiores adipisci ratione consequatur maxime. At qui sequi consequuntur aliquid.', 3, '2019-05-28 10:19:49', '2019-05-28 10:19:49'),
(52, 7, 'Gregoria Ward', 'Omnis eaque ratione molestiae commodi est. Qui qui aperiam qui assumenda sint. Qui id expedita non ipsa id ea.', 4, '2019-05-28 10:19:49', '2019-05-28 10:19:49'),
(53, 13, 'Dayana Daugherty', 'Ea molestiae occaecati autem sunt et. Qui perferendis qui aliquam sit similique et deleniti dolor. Sed molestiae et delectus rerum expedita fugiat totam tenetur. Sed quibusdam vel beatae ratione.', 2, '2019-05-28 10:19:49', '2019-05-28 10:19:49'),
(54, 30, 'Adalberto Vandervort', 'Quos et cupiditate voluptatem enim ex alias maiores. Et dolor non voluptatem doloribus fugiat repellendus. Vitae quasi esse excepturi. Reiciendis delectus ut adipisci aliquam amet explicabo voluptatem.', 1, '2019-05-28 10:19:49', '2019-05-28 10:19:49'),
(55, 9, 'Shakira Daugherty', 'Illum perspiciatis sunt velit consequatur ullam esse et. Sint et sunt sint enim error fugit dolores voluptatem. Est ratione cupiditate enim magni explicabo nemo. Voluptas necessitatibus nemo voluptatibus.', 4, '2019-05-28 10:19:49', '2019-05-28 10:19:49'),
(56, 39, 'Prof. Jordan Toy', 'Delectus aperiam necessitatibus et iure commodi itaque alias. Ut soluta veritatis et autem neque incidunt.', 0, '2019-05-28 10:19:49', '2019-05-28 10:19:49'),
(57, 8, 'Dr. Marvin Kozey', 'Consequatur accusantium repellendus et occaecati suscipit quis non. Vero nemo et velit. Commodi minus id exercitationem consequatur rerum voluptatum molestiae sunt. Veritatis voluptas est enim in.', 5, '2019-05-28 10:19:49', '2019-05-28 10:19:49'),
(58, 16, 'Carter Kuphal', 'Atque non quia error nihil consequatur. Fugit excepturi sunt ut omnis hic. Labore praesentium fugiat iure libero sit. Hic cupiditate omnis repudiandae.', 1, '2019-05-28 10:19:49', '2019-05-28 10:19:49'),
(59, 25, 'Dr. Freddy Farrell DDS', 'Error consequatur accusamus voluptatem. Est placeat repudiandae exercitationem enim nesciunt eligendi sunt. Vel omnis saepe rerum et maxime eveniet. Eligendi rerum saepe occaecati reiciendis numquam.', 1, '2019-05-28 10:19:49', '2019-05-28 10:19:49'),
(60, 36, 'Vito Jakubowski', 'Aut quos reprehenderit modi magni doloribus et. Recusandae praesentium voluptas maxime possimus vel assumenda. Quaerat laboriosam qui et nulla.', 1, '2019-05-28 10:19:49', '2019-05-28 10:19:49'),
(61, 29, 'Mr. Kurtis Lubowitz', 'Harum animi nihil voluptate voluptatem dolorem. Optio ea non modi et voluptatum velit culpa. Enim ullam nihil aut est. Harum delectus ut eveniet id aut quasi et et.', 2, '2019-05-28 10:19:49', '2019-05-28 10:19:49'),
(62, 50, 'Gwendolyn Mosciski I', 'Aut impedit excepturi sed doloremque. Adipisci quas et neque mollitia. Dignissimos et vitae quam mollitia dolores sed. Ut ratione maiores voluptates qui eveniet. Optio cum ea est ipsam exercitationem reiciendis nostrum.', 5, '2019-05-28 10:19:49', '2019-05-28 10:19:49'),
(63, 6, 'Linnie Flatley IV', 'Fuga consectetur hic beatae assumenda ducimus. Ut nobis deserunt repellat qui inventore totam voluptas. Voluptatem dolor iure et aut quasi enim. Quia illo nihil a molestiae ipsa consequatur.', 3, '2019-05-28 10:19:49', '2019-05-28 10:19:49'),
(64, 4, 'Mertie Lehner', 'Nobis quas impedit enim culpa et reiciendis facere. A quis voluptas eum est minus ullam. Perferendis omnis nihil laudantium et.', 1, '2019-05-28 10:19:49', '2019-05-28 10:19:49'),
(65, 50, 'Ardith Yost', 'Commodi delectus non sint accusantium enim enim ipsa odio. Consequatur blanditiis eos laboriosam sit ducimus inventore exercitationem. Rerum voluptatem blanditiis maiores fugiat odit dolorem.', 3, '2019-05-28 10:19:49', '2019-05-28 10:19:49'),
(66, 9, 'Mr. Tom Friesen', 'Nihil et assumenda placeat hic consequatur. Debitis doloribus doloribus labore molestias. Similique rerum dignissimos dolor dolores est accusantium quis in. Nihil voluptatem et quaerat.', 0, '2019-05-28 10:19:49', '2019-05-28 10:19:49'),
(67, 24, 'Emilia Farrell', 'Quasi consequatur sed debitis sed fugit esse. Ut veniam dignissimos id aut et sed exercitationem. Excepturi veritatis in et facere ea quia voluptatum. Placeat id officiis qui amet.', 4, '2019-05-28 10:19:49', '2019-05-28 10:19:49'),
(68, 45, 'Carolyn Cummings', 'Labore et natus et in. Saepe illo laborum accusamus tempora sit cum voluptates. Expedita in asperiores sint laboriosam molestias eius soluta. Placeat repellendus sint voluptatem et ut minima fuga.', 2, '2019-05-28 10:19:49', '2019-05-28 10:19:49'),
(69, 21, 'Mable Bayer', 'Soluta dignissimos quo voluptas vel voluptatibus sit. Molestiae dicta ratione quia nam qui. Dicta et iste corrupti reprehenderit magnam.', 1, '2019-05-28 10:19:49', '2019-05-28 10:19:49'),
(70, 2, 'Darien Effertz', 'Repellendus aut voluptatem quo nulla quisquam sint. Quam in distinctio autem commodi expedita numquam. Est ducimus assumenda dolor repudiandae quo similique. Voluptatibus quibusdam exercitationem ut aperiam unde.', 2, '2019-05-28 10:19:49', '2019-05-28 10:19:49'),
(71, 2, 'Dock Wilkinson', 'Voluptate alias porro optio soluta quae. Non quisquam error sint nisi aut. Quo iste laboriosam omnis neque sit. Consequatur dolores distinctio nam amet.', 0, '2019-05-28 10:19:49', '2019-05-28 10:19:49'),
(72, 39, 'Nasir Kreiger', 'Nesciunt dolorem sapiente dolores sed. Ut esse inventore eius sit natus minus quia. Eaque tenetur aut at earum similique. Est aut aperiam quibusdam est dolores.', 1, '2019-05-28 10:19:49', '2019-05-28 10:19:49'),
(73, 48, 'Nelson Connelly', 'Dolorem autem distinctio possimus quod et. Eveniet rerum totam rerum debitis quaerat quisquam. Maiores pariatur asperiores ut voluptates veritatis non.', 3, '2019-05-28 10:19:49', '2019-05-28 10:19:49'),
(74, 24, 'Matilda Gaylord DVM', 'Doloremque sint sint porro inventore repudiandae fugiat ea. Magni qui temporibus laudantium et porro est laboriosam. Dolores assumenda nisi veniam dolores qui impedit laboriosam. Dolores quia dolore ducimus magni ut.', 5, '2019-05-28 10:19:49', '2019-05-28 10:19:49'),
(75, 31, 'Dr. Guillermo Okuneva II', 'Nostrum laborum harum tempore impedit quia impedit. Et quia dolor eos ullam quo facilis numquam amet. Quo rerum accusamus harum id et nostrum voluptas. Explicabo consequuntur inventore quia atque inventore eaque tempore ad.', 5, '2019-05-28 10:19:49', '2019-05-28 10:19:49'),
(76, 1, 'Belle Moen', 'Consequatur amet commodi esse accusamus. Quibusdam impedit voluptatem qui sit. Ipsam commodi dolorem consectetur veniam qui.', 4, '2019-05-28 10:19:49', '2019-05-28 10:19:49'),
(77, 12, 'Betty Fritsch', 'Fuga aut error ab placeat itaque quia id. Consectetur mollitia ullam et nihil rerum vel et aperiam. Et inventore et quam delectus dignissimos temporibus. Quis est sed dolores aut tempora.', 1, '2019-05-28 10:19:49', '2019-05-28 10:19:49'),
(78, 19, 'Mrs. Eldora Quigley', 'Repellat neque enim molestiae dolores doloremque quia. Laudantium dolorem tenetur sint laboriosam repudiandae voluptas. Voluptates fuga perferendis veritatis porro. Et tenetur est delectus.', 1, '2019-05-28 10:19:49', '2019-05-28 10:19:49'),
(79, 30, 'Maida Mohr', 'Consequatur quaerat illum possimus qui. Est aut vero sed at ratione. Et illum neque in provident quidem nulla odit.', 1, '2019-05-28 10:19:49', '2019-05-28 10:19:49'),
(80, 7, 'Dr. Winnifred Daniel', 'Vel totam non qui dolorem natus. Voluptas enim sit architecto delectus voluptatem. Sed assumenda veniam doloremque. Alias eveniet aut et autem ipsum iure aut assumenda.', 3, '2019-05-28 10:19:49', '2019-05-28 10:19:49'),
(81, 8, 'Caterina Auer', 'Sunt assumenda laborum aut quisquam non dolores. Quidem ex facere nihil. Et minima et quia hic. Incidunt adipisci rerum et et molestiae est.', 5, '2019-05-28 10:19:49', '2019-05-28 10:19:49'),
(82, 2, 'Trever Schuppe III', 'Aut amet enim totam velit odit. Debitis rem illo enim est. Optio et labore aut impedit laboriosam. Inventore nobis neque nihil labore.', 2, '2019-05-28 10:19:49', '2019-05-28 10:19:49'),
(83, 16, 'Candace Harris', 'Temporibus perferendis sit ab. Unde omnis odit voluptatum ex quisquam et voluptatem. Occaecati et ea facere maxime est pariatur. Fuga commodi expedita iusto dicta eum.', 4, '2019-05-28 10:19:49', '2019-05-28 10:19:49'),
(84, 19, 'Miss Eveline Cremin', 'Repellendus ea delectus et nemo est et animi sit. Voluptatem natus id consequatur totam similique in. Numquam sit explicabo placeat quos. Qui dolorem quidem perferendis.', 5, '2019-05-28 10:19:49', '2019-05-28 10:19:49'),
(85, 12, 'Alfred Feil', 'Sunt voluptas sapiente cupiditate et explicabo. Voluptate in molestias consequatur culpa sequi et. Officiis est delectus odio omnis sunt ipsa ut.', 1, '2019-05-28 10:19:49', '2019-05-28 10:19:49'),
(86, 41, 'Alexane Klein', 'Tempore consequatur optio et delectus esse et omnis. Mollitia dicta et corporis cum reiciendis. Et dolorum reiciendis facilis dicta ut repellendus possimus totam.', 4, '2019-05-28 10:19:49', '2019-05-28 10:19:49'),
(87, 19, 'Tate Skiles', 'Accusantium qui est aliquam earum debitis aliquid voluptatibus aut. Qui dolor dolorem perspiciatis quae aut. Eos dolorem voluptatem eius quibusdam.', 5, '2019-05-28 10:19:49', '2019-05-28 10:19:49'),
(88, 16, 'Mrs. Rosa Ondricka', 'Voluptas animi reprehenderit quisquam fugiat ratione non. Autem quia vel et ut voluptatum asperiores rerum. Ipsa occaecati non quo excepturi cumque eos.', 0, '2019-05-28 10:19:49', '2019-05-28 10:19:49'),
(89, 4, 'Mrs. Telly Dach', 'Recusandae sed voluptatibus autem voluptatem. Dolorum necessitatibus ut dolores est minus et sequi. Voluptatum pariatur modi quia omnis neque molestiae. Explicabo consequatur sapiente vitae aut ullam dolor.', 4, '2019-05-28 10:19:49', '2019-05-28 10:19:49'),
(90, 41, 'Layne Waelchi', 'Quibusdam ea veritatis porro alias et hic. Qui commodi culpa sed voluptatem voluptatem quis. Maiores facere facere quasi et architecto. Consectetur nemo ea voluptatum sunt reiciendis libero voluptate illum.', 2, '2019-05-28 10:19:49', '2019-05-28 10:19:49'),
(91, 7, 'Mr. Andy Sanford', 'Eum vero dolore blanditiis et dolor quidem. Voluptatem nulla magni adipisci eos quia distinctio quidem nihil. Ducimus sed quas at eum aut et occaecati impedit. Et et totam consequatur in quidem aut dicta.', 2, '2019-05-28 10:19:49', '2019-05-28 10:19:49'),
(92, 49, 'Kacie Lang', 'Mollitia repudiandae molestiae voluptatem delectus quam eius. Et quaerat nulla quos velit et fugiat. Pariatur ea eligendi fugit ipsa.', 4, '2019-05-28 10:19:49', '2019-05-28 10:19:49'),
(93, 46, 'Justyn Hintz', 'Velit dignissimos quidem excepturi sit autem. Voluptatum dolorem et veniam quaerat. Inventore aut iste qui aut officia ab cupiditate. Nulla et delectus tempore dignissimos non.', 2, '2019-05-28 10:19:49', '2019-05-28 10:19:49'),
(94, 36, 'Frederick Towne', 'Voluptas aut consequuntur earum vero iusto quasi. Ut quis vel voluptate sequi eos facere. Officia perferendis natus sed commodi. Sequi aspernatur exercitationem expedita officiis ut id.', 0, '2019-05-28 10:19:49', '2019-05-28 10:19:49'),
(95, 22, 'Jolie Schumm', 'Aut corrupti necessitatibus qui error consectetur id. Laboriosam non in atque earum temporibus fugit. Cupiditate maxime maiores aspernatur sit repellendus quos odit.', 2, '2019-05-28 10:19:49', '2019-05-28 10:19:49'),
(96, 12, 'Cayla Friesen', 'Corrupti maiores sit atque reprehenderit molestias qui. Quam tempore quae quam aut commodi. Sit cumque quas nulla eveniet animi fugit quidem. Ut porro adipisci beatae reprehenderit rerum.', 1, '2019-05-28 10:19:49', '2019-05-28 10:19:49'),
(97, 36, 'Imelda Bailey', 'Debitis est qui id iste. Omnis doloremque beatae eius dolor enim. Distinctio numquam error quos maxime pariatur rerum omnis. Quae tempora magnam doloremque ea ipsam eos.', 3, '2019-05-28 10:19:49', '2019-05-28 10:19:49'),
(98, 22, 'Korey Champlin', 'Tempora et nostrum doloribus libero dolorum ducimus laudantium. Et possimus sint vitae similique omnis sint dolorem assumenda. Sunt numquam dolorem eum quam ipsa qui omnis.', 0, '2019-05-28 10:19:49', '2019-05-28 10:19:49'),
(99, 29, 'Alicia Hills', 'Qui magni nemo amet et et et deserunt. Reprehenderit aut dolorem perspiciatis id. Eius ut tempora non ipsum accusantium et asperiores delectus.', 0, '2019-05-28 10:19:49', '2019-05-28 10:19:49'),
(100, 36, 'Juanita Lindgren', 'Beatae amet id consequatur quidem. Incidunt sunt dignissimos aut sed deserunt omnis vel. Et quis facere tempore ducimus.', 0, '2019-05-28 10:19:49', '2019-05-28 10:19:49'),
(101, 15, 'Isabella Corwin DVM', 'Magni quo debitis molestiae. Esse placeat aliquam ipsa culpa quam. Vero aut est temporibus asperiores et eos.', 1, '2019-05-28 10:19:49', '2019-05-28 10:19:49'),
(102, 25, 'Alex Nader', 'Quis odit temporibus eum eaque reprehenderit. Asperiores odio distinctio fuga sunt. Ipsa magni rerum et tempore. Ad id doloribus eos sequi et.', 2, '2019-05-28 10:19:49', '2019-05-28 10:19:49'),
(103, 38, 'Merle Fisher', 'Reiciendis quisquam ratione autem odio et aut. Incidunt quod provident alias. Similique atque quia est aliquid reiciendis.', 0, '2019-05-28 10:19:49', '2019-05-28 10:19:49'),
(104, 25, 'Jerrod Williamson', 'Quo dolorem explicabo ea et consectetur mollitia. Sit quos et rerum est praesentium harum. Eos pariatur qui fugiat accusantium in hic.', 0, '2019-05-28 10:19:49', '2019-05-28 10:19:49'),
(105, 49, 'Kaela Kilback', 'Accusamus autem aut culpa quaerat consequatur est. Rerum laborum quia nobis provident facilis. Et laboriosam quas voluptatibus ut. Et eum laudantium fuga labore.', 1, '2019-05-28 10:19:49', '2019-05-28 10:19:49'),
(106, 48, 'Cicero Witting', 'Sequi dolorum enim nisi. Nihil ex et est ut natus eligendi vel. Velit dolores id voluptas dolorem.', 3, '2019-05-28 10:19:49', '2019-05-28 10:19:49'),
(107, 36, 'Jazmyn Effertz', 'A ratione blanditiis qui quos asperiores reprehenderit. Eum odio quos ut magnam. Consequatur accusantium nobis sit quibusdam.', 4, '2019-05-28 10:19:49', '2019-05-28 10:19:49'),
(108, 46, 'Malcolm Buckridge', 'Amet velit culpa ut ratione. Minus dolorem accusantium eos officiis voluptatem. Cupiditate velit et asperiores unde facere. Excepturi voluptates impedit placeat adipisci est.', 0, '2019-05-28 10:19:49', '2019-05-28 10:19:49'),
(109, 5, 'Alf Ratke', 'Rerum corporis cumque nisi quia ex reprehenderit vel. Facere nam facere neque dolores. Accusantium officia deserunt consequatur sunt.', 5, '2019-05-28 10:19:49', '2019-05-28 10:19:49'),
(110, 36, 'Katelyn Cartwright', 'Qui voluptates temporibus impedit rerum distinctio optio maxime. Eveniet pariatur fugit facilis natus quos expedita temporibus. Quo dolorem provident id quia dolorum quia qui. Dolore optio et praesentium incidunt ut reprehenderit.', 2, '2019-05-28 10:19:49', '2019-05-28 10:19:49'),
(111, 4, 'Dr. Walton Lindgren', 'Sunt vero quasi explicabo sit quae est itaque. Autem sit odit similique dolor. Eos blanditiis aspernatur quisquam odit magnam quos vero.', 3, '2019-05-28 10:19:49', '2019-05-28 10:19:49'),
(112, 7, 'Aidan Bashirian', 'Eos reprehenderit optio quo eos. Dolor ut eos architecto ut impedit esse.', 3, '2019-05-28 10:19:49', '2019-05-28 10:19:49'),
(113, 38, 'Krystel Donnelly', 'Aut rerum quam tenetur voluptatem nulla fugit tempore. Odio nulla qui et quae.', 3, '2019-05-28 10:19:49', '2019-05-28 10:19:49'),
(114, 20, 'Cathryn Gibson', 'Totam doloremque harum et similique veritatis animi. Dicta minus assumenda dolores recusandae distinctio. Eligendi et voluptate molestias alias velit consequuntur. Cupiditate nam temporibus impedit.', 3, '2019-05-28 10:19:49', '2019-05-28 10:19:49'),
(115, 49, 'Flossie Zulauf', 'Est eos assumenda eos sequi non aut perspiciatis ut. Aliquid suscipit consequatur rerum repudiandae repellendus illo. Voluptatem sint rem voluptas quo sit aut expedita.', 5, '2019-05-28 10:19:49', '2019-05-28 10:19:49'),
(116, 24, 'Leonora Nicolas', 'Rerum autem voluptates aspernatur. Eos est voluptas et accusantium. Laudantium distinctio autem dolore.', 3, '2019-05-28 10:19:49', '2019-05-28 10:19:49'),
(117, 26, 'Trevor Robel', 'Ad quasi cupiditate voluptatum omnis magni qui rerum. Ducimus omnis consectetur dolor velit dignissimos dolorem odio. Perferendis aut eum dolorum quia fuga qui aliquam. Fugiat dolore qui maiores labore quos ut.', 3, '2019-05-28 10:19:49', '2019-05-28 10:19:49'),
(118, 1, 'Prof. Tatum Schoen III', 'Mollitia expedita quia minima ea exercitationem quas. Nobis rerum natus est cum odio. Aut velit excepturi inventore eos odit aliquam quos.', 3, '2019-05-28 10:19:49', '2019-05-28 10:19:49'),
(119, 2, 'Mr. Giovani Lubowitz DDS', 'Numquam rerum aut nostrum tenetur necessitatibus. At quia est vel est enim consequatur repudiandae.', 5, '2019-05-28 10:19:49', '2019-05-28 10:19:49'),
(120, 13, 'Sam Muller', 'Sed nulla modi impedit occaecati. Aspernatur animi laudantium explicabo tempora nemo esse non ipsum. Perspiciatis nesciunt quibusdam architecto. Porro error qui ea eos ut quo cum.', 0, '2019-05-28 10:19:49', '2019-05-28 10:19:49'),
(121, 12, 'Cameron Kunde', 'Vel voluptas ea et voluptatem temporibus laudantium. Consectetur deleniti deserunt sapiente omnis quos ex. Consequatur qui est impedit error ipsum quia doloremque. Voluptatem occaecati soluta ut deserunt laborum deserunt.', 4, '2019-05-28 10:19:49', '2019-05-28 10:19:49'),
(122, 11, 'David Hilpert', 'Quae temporibus nisi qui non qui. Quod eveniet itaque esse at qui facere et. Animi totam aut sint omnis quod maxime.', 4, '2019-05-28 10:19:50', '2019-05-28 10:19:50'),
(123, 7, 'Hillary Barrows', 'Vel illum corrupti sequi est. Sequi nihil excepturi doloremque placeat necessitatibus unde.', 0, '2019-05-28 10:19:50', '2019-05-28 10:19:50'),
(124, 8, 'Gay Williamson', 'Suscipit iure ipsam enim magnam ut reiciendis. Cupiditate minima et quaerat ut accusantium maiores rerum. Exercitationem a odit qui sed perferendis est quo eos. Recusandae autem quos omnis doloremque.', 0, '2019-05-28 10:19:50', '2019-05-28 10:19:50'),
(125, 45, 'Tamara Heller', 'Quis ut expedita aspernatur consequatur velit. Maxime a consequuntur aut sint quaerat corrupti praesentium. Nemo facere eius nesciunt rerum officiis quas quis.', 3, '2019-05-28 10:19:50', '2019-05-28 10:19:50'),
(126, 11, 'Marcelle Roberts', 'Ad aut dolorem voluptatum recusandae. Optio beatae occaecati et omnis atque necessitatibus. Et corporis quibusdam et accusamus nobis.', 1, '2019-05-28 10:19:50', '2019-05-28 10:19:50'),
(127, 42, 'Armando Ondricka', 'Non est aspernatur velit atque qui inventore molestias. Consequatur aliquid quas harum voluptatibus exercitationem ex aut. Dolorum necessitatibus exercitationem odio eius et.', 3, '2019-05-28 10:19:50', '2019-05-28 10:19:50'),
(128, 1, 'Prof. Horacio Stracke', 'Facere animi minima totam pariatur ea non unde. Qui odit dolores voluptatem repellat. Sunt nihil eum dignissimos.', 1, '2019-05-28 10:19:50', '2019-05-28 10:19:50'),
(129, 18, 'Alanis Sporer', 'Molestias qui ut magnam adipisci et officia. Explicabo officiis placeat porro sit et earum sed. Vitae eum possimus ex veritatis cupiditate vitae dolor. Necessitatibus eligendi inventore eius perspiciatis. Sunt sit consequatur omnis.', 1, '2019-05-28 10:19:50', '2019-05-28 10:19:50'),
(130, 1, 'Deontae Kuvalis', 'Nobis autem itaque expedita ullam. Ut ipsa eaque voluptas eum architecto facilis. A sit sed vitae veritatis porro. Adipisci vero accusamus fugiat earum ipsum praesentium et.', 2, '2019-05-28 10:19:50', '2019-05-28 10:19:50'),
(131, 49, 'Dr. Adrian Fay', 'Deserunt dolor ea sunt enim voluptates. Voluptatem molestiae fugiat nam voluptatem voluptas enim maiores. Magnam occaecati quaerat maiores vel minus qui. Non aut deleniti ducimus.', 2, '2019-05-28 10:19:50', '2019-05-28 10:19:50'),
(132, 3, 'Austyn McKenzie', 'Non ex dolorum voluptates delectus cumque voluptatem. Qui nihil animi qui eaque. Eligendi praesentium exercitationem alias natus similique. Illo sit perspiciatis aperiam ipsam assumenda temporibus architecto.', 3, '2019-05-28 10:19:50', '2019-05-28 10:19:50'),
(133, 18, 'Trever Wunsch', 'Maxime asperiores non consequuntur natus architecto blanditiis. Amet alias ut a debitis eum. Sint quo reiciendis iusto est atque error rem. Maiores eum provident sit corrupti reprehenderit nam odit. Rerum eos velit voluptatibus aliquid eum.', 3, '2019-05-28 10:19:50', '2019-05-28 10:19:50'),
(134, 14, 'Lenora Bauch', 'Velit odio magnam corrupti cupiditate nulla modi ea ea. Esse voluptas dicta facilis ipsam.', 2, '2019-05-28 10:19:50', '2019-05-28 10:19:50'),
(135, 38, 'Andre Tremblay', 'Veritatis distinctio quo eum officia numquam alias adipisci. Omnis laborum ratione ipsum saepe qui veritatis beatae at.', 1, '2019-05-28 10:19:50', '2019-05-28 10:19:50'),
(136, 19, 'Prof. Muhammad Walsh V', 'Id doloribus necessitatibus laudantium nihil maiores. Reprehenderit aut enim et doloribus voluptas. Quisquam et facere beatae nulla unde eos maiores.', 2, '2019-05-28 10:19:50', '2019-05-28 10:19:50'),
(137, 42, 'Morgan Beer', 'Modi ad ea deleniti commodi. Nisi quia adipisci perferendis non. Tempora incidunt nihil nostrum repellendus enim.', 2, '2019-05-28 10:19:50', '2019-05-28 10:19:50'),
(138, 30, 'Dr. Dale Will Jr.', 'Temporibus placeat nisi voluptatem culpa voluptas quia. Aperiam vitae voluptatem neque iste odio sit. Ipsum cum aut est blanditiis laboriosam voluptatem nam.', 0, '2019-05-28 10:19:50', '2019-05-28 10:19:50'),
(139, 35, 'Lucius Hartmann', 'Nam alias voluptas rerum sunt rerum. Et magnam repellendus sed minus quis autem. Suscipit et esse sit omnis est voluptate rem rerum. Dicta perspiciatis voluptas sunt reprehenderit mollitia voluptate.', 1, '2019-05-28 10:19:50', '2019-05-28 10:19:50'),
(140, 30, 'Noelia Legros', 'Quia vero aut sit perferendis id dolores inventore voluptate. Sequi tenetur qui impedit commodi optio. Vel dolores placeat deserunt temporibus. Quia sequi omnis et quaerat quae sed quod et. Est et saepe deleniti vel qui dolores rerum.', 5, '2019-05-28 10:19:50', '2019-05-28 10:19:50'),
(141, 35, 'Murphy Fahey', 'Dolores at quis dignissimos sed. Est corporis quia unde doloribus et et soluta.', 1, '2019-05-28 10:19:50', '2019-05-28 10:19:50'),
(142, 17, 'Prof. Edwin Lubowitz', 'Est totam illum debitis omnis. Quas repellendus id reiciendis quae eum necessitatibus. Quis veritatis et qui quasi. Aut temporibus sequi accusantium tempora nulla occaecati et. Dolorum placeat odit non quia.', 4, '2019-05-28 10:19:50', '2019-05-28 10:19:50'),
(143, 30, 'Krystal Mayer Sr.', 'Aperiam quo asperiores aliquid qui rem nulla ullam. Tempora et illo sunt sit quo tempore est. Quia et consequatur iure porro aspernatur. Sint nisi recusandae veritatis sint tempora omnis.', 4, '2019-05-28 10:19:50', '2019-05-28 10:19:50'),
(144, 30, 'Cloyd Swift', 'Doloribus molestiae itaque nihil incidunt. Et odio quia quod fuga. Expedita in voluptates consequatur aut dolores illo. Maxime voluptas quo ut aut tempore maiores laborum vel.', 4, '2019-05-28 10:19:50', '2019-05-28 10:19:50'),
(145, 49, 'Dr. Barry Beahan II', 'Nobis cumque vitae qui repudiandae provident laborum reiciendis neque. Tempore dolores commodi sunt ut et. Quasi earum autem ut voluptatem. Doloremque id harum fugiat ratione dolores est.', 4, '2019-05-28 10:19:50', '2019-05-28 10:19:50'),
(146, 41, 'Rosalia Reynolds', 'Facilis ut ut est corrupti. Et repellat qui qui in eos omnis. Unde voluptatem nam ullam rerum officia et optio.', 5, '2019-05-28 10:19:50', '2019-05-28 10:19:50'),
(147, 24, 'Alize Grimes', 'Porro velit molestias quo fuga quos ducimus tenetur laudantium. Blanditiis accusantium harum nesciunt debitis. Et et et consequuntur. Et accusantium possimus a ipsum adipisci sunt nihil.', 1, '2019-05-28 10:19:50', '2019-05-28 10:19:50'),
(148, 37, 'Mandy Schulist', 'Consequatur quia fugit cumque non et. Impedit qui maiores a optio sint. Deserunt nobis ducimus distinctio eos unde delectus tempora. Tempora quis vero enim debitis vel dolores.', 4, '2019-05-28 10:19:50', '2019-05-28 10:19:50'),
(149, 40, 'Prof. Antwan Fadel', 'Velit consequuntur enim a omnis. Atque eos magnam rerum recusandae praesentium non. Et pariatur quidem explicabo.', 5, '2019-05-28 10:19:50', '2019-05-28 10:19:50'),
(150, 29, 'Mr. Kelvin Rath', 'Adipisci necessitatibus facere minima eligendi quos nihil quod. Labore et magni saepe sit. Recusandae minus laudantium et omnis recusandae voluptas perspiciatis. Magnam possimus autem voluptatem et dolores possimus.', 4, '2019-05-28 10:19:50', '2019-05-28 10:19:50'),
(151, 1, 'Mrs. Ofelia Altenwerth', 'Nam omnis nihil ducimus voluptate. Animi molestiae et illum fugiat minima saepe aut. Quia quo nihil et officiis. Aut non a rerum dolorum nemo. Ut quis et aliquam facere.', 0, '2019-05-28 10:19:50', '2019-05-28 10:19:50'),
(152, 13, 'Omer Denesik', 'Recusandae corrupti fuga aliquid et fuga quia expedita nostrum. Reprehenderit consequatur nulla commodi perferendis et minima. Voluptate minima est vitae dolore dolorem aliquid eos.', 5, '2019-05-28 10:19:50', '2019-05-28 10:19:50'),
(153, 50, 'Braxton Keebler DVM', 'Dolores quis suscipit a impedit perspiciatis. Culpa laudantium similique quibusdam architecto. Est beatae fugit molestiae cum eligendi quia. Dolores consequatur atque mollitia sed quis.', 3, '2019-05-28 10:19:50', '2019-05-28 10:19:50'),
(154, 3, 'Marshall Stiedemann', 'Est quo voluptas eum pariatur quam. Doloremque excepturi suscipit occaecati iste. Et sed cumque id deserunt sit molestias. Eos cum saepe quia debitis nemo.', 2, '2019-05-28 10:19:50', '2019-05-28 10:19:50'),
(155, 21, 'Kelley Sporer II', 'Aliquid illo ullam sunt et cupiditate autem. Quam animi hic doloribus. Omnis voluptatibus illum aperiam architecto voluptatem eaque dolorum. Delectus delectus dolor consequatur officiis.', 3, '2019-05-28 10:19:50', '2019-05-28 10:19:50'),
(156, 48, 'Annalise Cronin', 'Velit saepe itaque ea ipsa. Temporibus enim tenetur eius libero animi eos. Ipsam enim in aut aut qui quia et. Est ut ex necessitatibus. Libero ratione autem natus officiis vitae.', 5, '2019-05-28 10:19:50', '2019-05-28 10:19:50'),
(157, 37, 'Ms. Lorine Hyatt IV', 'Iusto soluta rem vitae beatae. Dolorem aperiam natus accusamus amet voluptas officiis. Qui architecto provident ea consequuntur.', 5, '2019-05-28 10:19:50', '2019-05-28 10:19:50'),
(158, 1, 'Royal Kling DDS', 'Temporibus qui ut inventore veniam eos. Rerum quod omnis tempore et et autem magni. Sed ratione error aut ut ratione quo.', 4, '2019-05-28 10:19:50', '2019-05-28 10:19:50'),
(159, 8, 'Prof. Enid Dickens', 'Quis consequuntur omnis ea explicabo. Et recusandae facilis animi. Voluptatem velit sit animi omnis dolor provident. Eligendi eius sed sed.', 5, '2019-05-28 10:19:50', '2019-05-28 10:19:50'),
(160, 17, 'Suzanne Roberts', 'Est amet modi beatae occaecati quibusdam accusantium non sint. Excepturi dolorem hic quia sit. Facere maxime qui voluptatem laborum.', 2, '2019-05-28 10:19:50', '2019-05-28 10:19:50'),
(161, 44, 'Eliane Strosin DVM', 'Tempora laudantium suscipit quas est tempore et aut aut. Commodi et mollitia cumque est itaque. Id eos quas consequatur et aspernatur. Debitis deleniti et at magni error ex neque.', 2, '2019-05-28 10:19:50', '2019-05-28 10:19:50'),
(162, 14, 'Hilma Kassulke', 'Distinctio deleniti iste incidunt odio qui. In cum laudantium explicabo est voluptas ut nisi. Consequatur et sit doloribus aliquid.', 2, '2019-05-28 10:19:50', '2019-05-28 10:19:50'),
(163, 13, 'Miss Theresia Kessler Jr.', 'Et dolor et quidem doloribus. Architecto ab cum omnis et et fugit. Ab velit dolores non esse quae et molestias. Non rerum magni suscipit voluptatum molestiae dolores laborum odio.', 0, '2019-05-28 10:19:50', '2019-05-28 10:19:50'),
(164, 23, 'Emilia Schmeler II', 'Aut sint quia non et recusandae dolorem. Amet fugit vel voluptas minima non itaque nihil. Ipsam qui sunt neque vero quos.', 5, '2019-05-28 10:19:50', '2019-05-28 10:19:50'),
(165, 48, 'Ila Shields', 'Voluptatem asperiores fuga ipsa voluptatem autem. Sit quia velit modi odio neque explicabo ut sed. Nam fugiat omnis quidem quis nesciunt. Dolores deserunt aliquid explicabo quia.', 2, '2019-05-28 10:19:50', '2019-05-28 10:19:50'),
(166, 18, 'Cortney Rohan IV', 'Tempora nisi debitis eos natus nihil. Non est maiores provident. Odio ipsa accusantium eveniet voluptatibus id. Aliquid qui autem repudiandae ut ipsa.', 0, '2019-05-28 10:19:50', '2019-05-28 10:19:50'),
(167, 18, 'Alayna Emmerich', 'Deleniti dolorem eum dolores rem optio qui. Exercitationem nihil quaerat modi dolorum. Est expedita et et possimus praesentium.', 3, '2019-05-28 10:19:50', '2019-05-28 10:19:50'),
(168, 39, 'Dr. Rahul Connelly MD', 'Qui assumenda sunt aperiam dolore et minus sequi. Nihil assumenda ut aut ex enim laudantium illo.', 0, '2019-05-28 10:19:50', '2019-05-28 10:19:50'),
(169, 38, 'Mrs. Alicia Lowe', 'Fugit fuga quia exercitationem velit quos ullam. Sit voluptas sapiente nemo non quis dolorem. Eveniet sunt exercitationem aliquid ea. Reiciendis tenetur vel qui nihil. Dolores dolore nulla suscipit aut culpa non alias.', 4, '2019-05-28 10:19:50', '2019-05-28 10:19:50'),
(170, 48, 'Nathanial Shields', 'Corrupti provident doloremque nobis earum aut eligendi rerum error. Nihil aspernatur voluptas enim iusto. Perspiciatis tempore ad et rem velit.', 3, '2019-05-28 10:19:50', '2019-05-28 10:19:50'),
(171, 22, 'Kendall Wisozk', 'Debitis adipisci consequatur facilis consectetur exercitationem. Dicta quos molestias cupiditate quis totam vel laudantium. Maxime rerum aut tenetur sit officiis. Eum occaecati sapiente quo aliquid eius aut.', 1, '2019-05-28 10:19:50', '2019-05-28 10:19:50'),
(172, 19, 'Mr. Dane Crona Sr.', 'Impedit earum distinctio reiciendis maxime nisi autem odio. Molestiae quia rerum voluptatum dolorem nobis fugit. Provident architecto exercitationem ratione saepe ut rem. Hic rerum porro incidunt sed est dolor.', 1, '2019-05-28 10:19:50', '2019-05-28 10:19:50'),
(173, 3, 'Jedediah Hoeger', 'Molestias facilis asperiores cumque explicabo corrupti minima quaerat omnis. Facilis debitis et fugiat. Itaque veniam modi distinctio voluptatem.', 5, '2019-05-28 10:19:50', '2019-05-28 10:19:50'),
(174, 8, 'Deangelo Mertz', 'Aspernatur beatae maiores quia. Dolores aut pariatur maxime ut ex eaque saepe. Aspernatur labore consequatur accusantium eos possimus distinctio velit. Error explicabo voluptatum cupiditate.', 5, '2019-05-28 10:19:50', '2019-05-28 10:19:50'),
(175, 30, 'Cary Conroy', 'Cupiditate praesentium maiores sint nobis et. Maxime libero id ut doloribus praesentium. Eum totam repellendus non quia id odio et. Dolores quo numquam pariatur laudantium provident expedita.', 0, '2019-05-28 10:19:50', '2019-05-28 10:19:50'),
(176, 42, 'Dr. Irving Murphy', 'Sint atque distinctio vel et voluptates. Minima at impedit voluptates molestiae ducimus sit et velit. Sed et quibusdam asperiores totam voluptates animi dolor. Blanditiis fuga pariatur est et ullam.', 3, '2019-05-28 10:19:50', '2019-05-28 10:19:50'),
(177, 18, 'Alexa Prohaska MD', 'Aut assumenda nesciunt placeat vel et et. Tempora vitae qui eius dignissimos temporibus optio rerum perspiciatis.', 0, '2019-05-28 10:19:50', '2019-05-28 10:19:50'),
(178, 25, 'Dakota Hamill', 'Aut eum nisi aut praesentium ea voluptates ab. Qui numquam aperiam distinctio nihil iste eos repudiandae in.', 5, '2019-05-28 10:19:50', '2019-05-28 10:19:50'),
(179, 32, 'Emily McGlynn', 'Necessitatibus quia nulla reprehenderit error. Omnis ut quam delectus id itaque eius nisi. Qui ut illo laborum vero voluptatem voluptates vero ex.', 3, '2019-05-28 10:19:50', '2019-05-28 10:19:50'),
(180, 30, 'Jaycee Okuneva', 'Suscipit voluptatem commodi modi aut. Blanditiis quaerat fuga eum vel. Asperiores velit atque aliquam placeat.', 1, '2019-05-28 10:19:50', '2019-05-28 10:19:50'),
(181, 4, 'Chandler Rogahn II', 'Corporis necessitatibus et est soluta reiciendis est. Vel natus nisi est nihil natus. Illo veritatis vel ea facere.', 1, '2019-05-28 10:19:50', '2019-05-28 10:19:50'),
(182, 39, 'Saul Howe', 'Quo consequatur itaque occaecati nesciunt. Tempore aperiam recusandae voluptatem. Quia omnis libero earum fuga ut facere natus.', 0, '2019-05-28 10:19:50', '2019-05-28 10:19:50'),
(183, 39, 'Dr. Joel Dach', 'Qui error voluptatibus voluptates dolorum hic est. Quo voluptas odit autem itaque. Incidunt est cum cumque sed adipisci fugit.', 0, '2019-05-28 10:19:50', '2019-05-28 10:19:50'),
(184, 35, 'Ms. Clementina Lynch', 'Magnam amet odit doloribus dolorem. Repudiandae ut alias vel beatae quae quo similique. Dolor sint omnis debitis nobis culpa.', 5, '2019-05-28 10:19:50', '2019-05-28 10:19:50'),
(185, 26, 'Jana Muller', 'Rerum dicta cum voluptatem sint eos non quia. Autem rem qui reprehenderit nihil voluptatem est tempore. Reprehenderit ullam debitis error voluptate. Itaque repellat eum quia libero nobis natus quis.', 5, '2019-05-28 10:19:50', '2019-05-28 10:19:50'),
(186, 30, 'Arnoldo Boyer', 'Nulla ex cupiditate tempore placeat. Sed magni et deleniti est ut maiores esse. Minima non totam debitis reprehenderit ut quae.', 3, '2019-05-28 10:19:50', '2019-05-28 10:19:50'),
(187, 39, 'Merl Stanton', 'Omnis perferendis soluta accusantium et aliquam labore. Sunt hic voluptatem est mollitia ex et. Corrupti et consequatur iusto aut voluptas quia eum nostrum. Est expedita ut rerum nemo sed quis.', 1, '2019-05-28 10:19:50', '2019-05-28 10:19:50'),
(188, 46, 'Zetta Harris DVM', 'Explicabo et totam distinctio tempore. Et accusantium incidunt distinctio officia perspiciatis et dolorem. Dolor voluptatem voluptatum et similique rerum sequi animi.', 4, '2019-05-28 10:19:50', '2019-05-28 10:19:50'),
(189, 21, 'Ali Mertz', 'Itaque aperiam ut unde qui rerum. Odit non veniam minus reprehenderit corporis omnis. Tempore distinctio et animi voluptates. Asperiores repudiandae et facere molestias voluptatibus modi aut incidunt.', 5, '2019-05-28 10:19:50', '2019-05-28 10:19:50'),
(190, 37, 'Garnett Jast', 'Dolorem sed doloremque unde odio consequatur. Vero exercitationem non veniam. Qui ea odio consequatur repellat tenetur.', 5, '2019-05-28 10:19:50', '2019-05-28 10:19:50'),
(191, 9, 'Wilhelm Berge', 'Deserunt itaque debitis officiis mollitia labore rerum aut. Rerum quod sed ut perspiciatis aperiam inventore. Quod aut qui sit voluptatum ut. Eos voluptatibus consequatur explicabo labore consequatur quis asperiores quam.', 1, '2019-05-28 10:19:50', '2019-05-28 10:19:50'),
(192, 10, 'Maci Swaniawski', 'Quam inventore animi consequatur porro. Odio dolores consectetur corporis error vel vel quia. Ut libero est sed aut est ipsum. Et hic ipsam qui.', 3, '2019-05-28 10:19:50', '2019-05-28 10:19:50'),
(193, 46, 'Prof. Leila Considine DDS', 'Incidunt repellat laborum aut aut. Est beatae temporibus culpa delectus aut qui consequatur. Est vitae dolor aliquid sit fugiat hic possimus voluptas. Eum alias eum fugiat nobis ducimus vitae ea vel. Quia officia facere optio corrupti provident odit incidunt consequatur.', 4, '2019-05-28 10:19:50', '2019-05-28 10:19:50'),
(194, 18, 'Hertha Schiller', 'Incidunt repellat sed omnis voluptatum nemo in non. Provident voluptatem aperiam unde consequatur. Quam perferendis ipsum et.', 2, '2019-05-28 10:19:50', '2019-05-28 10:19:50'),
(195, 13, 'Irma Harris', 'Eum veniam optio ut amet. Maiores quia cupiditate eius et. Similique in et ipsa magnam. Quos voluptatem possimus est ut magni. Delectus explicabo consequatur iure eligendi veniam voluptatem sunt.', 3, '2019-05-28 10:19:50', '2019-05-28 10:19:50'),
(196, 20, 'Perry Armstrong', 'Voluptatem voluptatem earum velit rem corporis temporibus numquam. Consequatur pariatur magni voluptatem delectus. Ea eveniet sit aliquid esse molestias deserunt voluptatibus. Numquam pariatur et autem.', 2, '2019-05-28 10:19:50', '2019-05-28 10:19:50'),
(197, 18, 'Dr. Margot Champlin', 'Nam dolore quaerat ea impedit. Rerum recusandae numquam enim non fugit natus eius. Minus autem provident ratione nisi quidem voluptates. Est perspiciatis omnis rerum culpa. Voluptatem fugit consequatur consequatur voluptatem.', 3, '2019-05-28 10:19:50', '2019-05-28 10:19:50'),
(198, 35, 'Lisa Brakus', 'Iste quae exercitationem mollitia. Reprehenderit est quis est aut quo repudiandae. Sed accusantium saepe at sunt corrupti.', 5, '2019-05-28 10:19:50', '2019-05-28 10:19:50'),
(199, 3, 'Miss Araceli Bode', 'Quasi architecto molestias quis molestias sit. Consequatur et et sapiente deleniti. In eum voluptas porro minus ab sunt.', 4, '2019-05-28 10:19:50', '2019-05-28 10:19:50'),
(200, 12, 'Ransom Brown', 'Expedita animi id blanditiis et architecto. Sequi ab asperiores blanditiis quia voluptatem consequuntur. Cumque in laudantium excepturi maiores optio.', 5, '2019-05-28 10:19:50', '2019-05-28 10:19:50'),
(201, 6, 'Clotilde Wilkinson', 'Non labore quo ratione vel non. Ab voluptas et pariatur cum impedit doloremque sed. Repellendus consequatur officia ut occaecati totam temporibus quo ab. Ut quo aut ut quo nam veniam impedit.', 3, '2019-05-28 10:19:50', '2019-05-28 10:19:50'),
(202, 3, 'Kailey Kassulke Sr.', 'Quibusdam tempora dolorum itaque est. Dolor voluptatem eum hic aut enim eos quibusdam. Quae voluptates voluptatem voluptates exercitationem tenetur. Aut illum cupiditate qui nemo dignissimos. Nam magni eos quasi sint.', 0, '2019-05-28 10:19:50', '2019-05-28 10:19:50'),
(203, 16, 'Betty Halvorson', 'Doloribus quo eligendi repellat ut provident voluptate. Sunt voluptas maiores hic cumque numquam qui perspiciatis nihil. Est ex quis enim dolores laborum.', 4, '2019-05-28 10:19:50', '2019-05-28 10:19:50'),
(204, 18, 'Miss Dejah Huel PhD', 'Omnis adipisci enim consectetur recusandae. Porro rerum et aut non esse assumenda quae. Et modi non ad et et sed quae.', 3, '2019-05-28 10:19:50', '2019-05-28 10:19:50'),
(205, 49, 'Brionna Hamill', 'Reprehenderit sit provident alias quibusdam et quo. Ut natus ipsa repellat doloribus et maiores. Nihil quo ut adipisci inventore recusandae recusandae sed.', 4, '2019-05-28 10:19:50', '2019-05-28 10:19:50'),
(206, 28, 'Ibrahim Dooley', 'Veritatis illo fugiat deserunt impedit quas nesciunt officia. Amet et repellat quaerat animi excepturi vero. Accusantium incidunt voluptatum sed neque suscipit voluptas. Ut dolores qui aut sapiente voluptatem.', 2, '2019-05-28 10:19:50', '2019-05-28 10:19:50'),
(207, 40, 'Emely Homenick', 'Excepturi omnis similique voluptatem itaque temporibus. Assumenda quidem in et omnis id. Commodi quod officia expedita.', 1, '2019-05-28 10:19:50', '2019-05-28 10:19:50');
INSERT INTO `reviews` (`id`, `product_id`, `customer`, `review`, `star`, `created_at`, `updated_at`) VALUES
(208, 18, 'Beverly Rosenbaum', 'Eum cum alias est assumenda debitis ullam velit eos. Occaecati qui aliquam aut. Consequatur voluptas id non.', 1, '2019-05-28 10:19:50', '2019-05-28 10:19:50'),
(209, 44, 'Prof. Ava Cummerata', 'Dolor et deserunt aliquid adipisci sint culpa cum. Dolor nihil voluptatem veritatis vero. Dignissimos ipsa aliquid repellat et qui possimus. Est sunt quos sed.', 4, '2019-05-28 10:19:50', '2019-05-28 10:19:50'),
(210, 15, 'Dr. Gregorio Hermann PhD', 'Consectetur quam nihil esse cupiditate velit incidunt natus. Sint qui architecto repellendus dolore veniam. Deleniti modi eos in iure earum aliquam debitis. Nihil impedit officiis voluptatem voluptate aut.', 0, '2019-05-28 10:19:50', '2019-05-28 10:19:50'),
(211, 35, 'Desmond Kulas', 'Cumque repudiandae cumque nulla qui. Ipsa eos temporibus autem a voluptas cum. Animi quaerat at autem iure ut. Voluptatem consequatur amet repellat ut dolorum non.', 5, '2019-05-28 10:19:50', '2019-05-28 10:19:50'),
(212, 43, 'Dion Kuphal', 'Accusamus natus ex aut itaque inventore officia dolores. Nulla harum quia optio labore. Deleniti dolorem ipsam molestiae quo. Similique earum tempora numquam fuga nisi.', 3, '2019-05-28 10:19:50', '2019-05-28 10:19:50'),
(213, 3, 'Liana Von', 'Impedit asperiores aut quidem odio ducimus sapiente autem. Qui a quia ipsum sint officiis. Non sint vel voluptates beatae.', 3, '2019-05-28 10:19:50', '2019-05-28 10:19:50'),
(214, 39, 'Mr. Kenneth Mills III', 'Totam ducimus deleniti et. Placeat ducimus eius vel dignissimos. Accusamus explicabo tempore consequuntur sit libero est.', 3, '2019-05-28 10:19:50', '2019-05-28 10:19:50'),
(215, 45, 'Mr. Isaac Gusikowski DDS', 'Error qui enim corrupti eaque rerum. Eos et quibusdam et et dolor. Quasi consequuntur sunt nihil dolores natus quaerat officiis alias.', 4, '2019-05-28 10:19:50', '2019-05-28 10:19:50'),
(216, 22, 'Bernard Bogisich', 'Voluptatem incidunt qui ipsam consequatur. Quae quo distinctio dolore repellat reprehenderit quidem reiciendis. Quisquam eos sit ut vel. Est occaecati sed ea rem eum debitis sapiente reiciendis. Sed mollitia consectetur ducimus officiis occaecati praesentium autem.', 2, '2019-05-28 10:19:50', '2019-05-28 10:19:50'),
(217, 27, 'Theresa Legros', 'Cupiditate placeat aliquid veritatis libero expedita ab. Assumenda eos tempora dolores reiciendis labore. Tempora nobis sit et perferendis a aliquam.', 4, '2019-05-28 10:19:50', '2019-05-28 10:19:50'),
(218, 3, 'Brianne Considine', 'Iste quasi neque saepe delectus aut error consequatur quaerat. Soluta ea aut inventore quibusdam eius. Quae eos sed voluptate sunt tempore neque. Aut tempore cumque laudantium odio est et voluptas.', 2, '2019-05-28 10:19:50', '2019-05-28 10:19:50'),
(219, 32, 'Elmer Rau', 'Dolorem qui animi molestiae voluptatem alias aut dolores. Dolore non eius recusandae dolor. Deserunt aliquid molestiae qui. Adipisci possimus quia odit sed repellendus error non.', 5, '2019-05-28 10:19:50', '2019-05-28 10:19:50'),
(220, 18, 'Maymie Trantow', 'Eius perspiciatis incidunt cum. Reprehenderit autem et non ipsam fuga. Ea illum magnam enim officiis vitae quas. Et aut est debitis omnis sint.', 0, '2019-05-28 10:19:50', '2019-05-28 10:19:50'),
(221, 19, 'Katherine Schmeler', 'Aperiam est quas est eos. Tenetur rerum doloremque in consequuntur cupiditate necessitatibus. Tempore libero corporis sapiente ea totam qui. Vel veritatis vel molestiae quis aliquid.', 5, '2019-05-28 10:19:50', '2019-05-28 10:19:50'),
(222, 21, 'Ivy Parker', 'Ipsum fugit et ut est voluptas quaerat magnam. Qui sequi aliquid sint delectus. Eum sapiente error omnis est. Aliquam quis pariatur consectetur quibusdam rerum cupiditate.', 3, '2019-05-28 10:19:50', '2019-05-28 10:19:50'),
(223, 32, 'Rahul Torphy', 'Unde officiis aut perferendis qui aut laudantium. Quasi eaque labore cum excepturi. Ducimus asperiores sit est reiciendis delectus mollitia. In et nihil distinctio cumque quod dolorum.', 2, '2019-05-28 10:19:50', '2019-05-28 10:19:50'),
(224, 23, 'Roselyn Swaniawski', 'Quod quidem fugit minus occaecati autem accusamus. Fugiat ratione ad occaecati perferendis qui nam corrupti culpa. Aut est provident aperiam nemo aut id autem.', 1, '2019-05-28 10:19:50', '2019-05-28 10:19:50'),
(225, 50, 'Dr. Elmore Stracke IV', 'Vitae rerum id et velit debitis. Quasi qui quidem qui aut repellat saepe.', 0, '2019-05-28 10:19:50', '2019-05-28 10:19:50'),
(226, 22, 'Alba Renner', 'Excepturi facere enim et ut rerum nemo id. Nesciunt sit voluptas vel sed maxime. Repudiandae fugit in maxime qui id rem pariatur sequi. Expedita modi totam maxime nemo.', 4, '2019-05-28 10:19:50', '2019-05-28 10:19:50'),
(227, 20, 'Mr. Cyril Moore MD', 'Non sunt iure commodi sunt. Consectetur impedit ex cupiditate quia hic et sint cupiditate. Nesciunt ipsum modi optio maxime impedit. Iste voluptatem occaecati aut.', 0, '2019-05-28 10:19:50', '2019-05-28 10:19:50'),
(228, 49, 'Rachel Mann DVM', 'Rerum ipsum eligendi rerum id aut magni. Assumenda sed quisquam qui ea sed voluptatum. Debitis et cum quis numquam quidem earum repudiandae.', 5, '2019-05-28 10:19:50', '2019-05-28 10:19:50'),
(229, 46, 'Abraham Ernser', 'Ullam aut adipisci numquam velit aut quaerat quisquam modi. In in aut officia. Vel incidunt sit quia debitis soluta possimus ex necessitatibus. Voluptas ut alias molestiae quis veritatis fuga delectus.', 5, '2019-05-28 10:19:50', '2019-05-28 10:19:50'),
(230, 14, 'Sim Gleichner', 'Tempore vel voluptas natus corrupti rerum. Voluptas animi optio laudantium tenetur. Eos repellat neque et quae. Laudantium eaque vero aut est.', 2, '2019-05-28 10:19:50', '2019-05-28 10:19:50'),
(231, 4, 'Graham Lang PhD', 'Illum autem voluptatibus eaque minima quam dolor. Repellat amet exercitationem repellat autem. Non voluptatem magnam iste.', 3, '2019-05-28 10:19:50', '2019-05-28 10:19:50'),
(232, 44, 'Major Dickinson Jr.', 'Vitae aperiam quae id et perspiciatis. Excepturi qui non eos assumenda necessitatibus nobis corrupti eligendi. Culpa qui mollitia accusantium a et.', 3, '2019-05-28 10:19:50', '2019-05-28 10:19:50'),
(233, 6, 'Jayme Cummings', 'Sunt ea recusandae omnis et. Labore odio porro eveniet ut.', 5, '2019-05-28 10:19:50', '2019-05-28 10:19:50'),
(234, 6, 'Gabriel Ferry', 'Repudiandae molestiae sunt aut ullam. Id quia sed voluptatem vel fugit quia. Voluptatem consequatur non occaecati laboriosam enim praesentium.', 5, '2019-05-28 10:19:50', '2019-05-28 10:19:50'),
(235, 5, 'Aryanna Douglas', 'Aut ducimus placeat qui illum. Vitae et sit neque consequatur aut itaque. Dolor nihil eius itaque illum assumenda totam.', 0, '2019-05-28 10:19:50', '2019-05-28 10:19:50'),
(236, 14, 'Betty Waelchi PhD', 'Laboriosam iusto doloribus dignissimos sint ut veniam. Sed quam ullam quod nobis. Ea nostrum recusandae fuga qui. Possimus in veritatis aut dolorem quia quam.', 1, '2019-05-28 10:19:50', '2019-05-28 10:19:50'),
(237, 30, 'Juston Marks', 'Eos architecto eum ratione veniam incidunt placeat quas magnam. Sed nihil repellendus qui deserunt asperiores maxime. Et eum unde vel blanditiis illum rerum consectetur. Maxime quis magnam possimus modi asperiores.', 2, '2019-05-28 10:19:50', '2019-05-28 10:19:50'),
(238, 6, 'Giovanna Lubowitz', 'Maiores est ab porro. Enim eos aspernatur quia aut natus quaerat enim. Omnis et quam consequatur reprehenderit alias et itaque.', 4, '2019-05-28 10:19:50', '2019-05-28 10:19:50'),
(239, 3, 'Dr. Crawford Kozey', 'Corporis sequi in quaerat quod at sit blanditiis. Quod et molestiae quo ipsa nemo assumenda architecto.', 3, '2019-05-28 10:19:50', '2019-05-28 10:19:50'),
(240, 25, 'Reggie Jaskolski', 'Quas laborum repellat consequatur. Consectetur libero debitis ad earum iusto. Doloribus accusamus eum omnis aut ullam. Ratione doloremque aliquam quis numquam corporis vel totam.', 3, '2019-05-28 10:19:50', '2019-05-28 10:19:50'),
(241, 44, 'Dr. Arlene Strosin', 'Architecto neque itaque totam qui. Molestias enim et ea. Veniam dolor sed nobis ea dolore placeat esse.', 3, '2019-05-28 10:19:50', '2019-05-28 10:19:50'),
(242, 24, 'Prof. Savanna Skiles', 'Vel est eum consequatur corrupti quae. Itaque asperiores et sunt incidunt voluptatibus cupiditate omnis. Nisi maiores enim voluptatem est officiis ut cumque. Commodi totam odit ea qui sed quaerat quaerat.', 1, '2019-05-28 10:19:50', '2019-05-28 10:19:50'),
(243, 36, 'Dr. Stacey Senger', 'Fugiat illo incidunt deleniti cumque beatae voluptas beatae saepe. Nisi non ea et sed accusantium. Quia iusto voluptatem laborum voluptate magnam eaque ea. Adipisci rem et vel repellat ratione.', 0, '2019-05-28 10:19:50', '2019-05-28 10:19:50'),
(244, 46, 'Polly Kilback', 'Perspiciatis consequatur eum maiores. Voluptate vero provident sunt doloremque et non aspernatur. Et alias autem consequatur totam nesciunt. Non odit vel laudantium consequuntur.', 1, '2019-05-28 10:19:50', '2019-05-28 10:19:50'),
(245, 21, 'Leopold Feil', 'Reprehenderit fugit omnis harum illum laborum consequatur id. Velit ea eos vel sed commodi. Illo vel sit quod inventore illo adipisci saepe omnis. Possimus aut deleniti perspiciatis.', 0, '2019-05-28 10:19:50', '2019-05-28 10:19:50'),
(246, 14, 'Gregoria Bechtelar', 'Quaerat odit nisi expedita molestias. Velit quia illo sit quaerat ipsa dolorum. Sed at incidunt ipsam veniam sunt repellat asperiores at.', 5, '2019-05-28 10:19:50', '2019-05-28 10:19:50'),
(247, 25, 'Marian Little', 'Ea perferendis necessitatibus assumenda neque. Natus vel doloremque quia. Unde quo quam laudantium et. Dolor facilis rerum voluptatem dolor.', 0, '2019-05-28 10:19:50', '2019-05-28 10:19:50'),
(248, 15, 'Ms. Elenora Morissette', 'Et asperiores et eveniet eos. Quia veniam excepturi quis dignissimos voluptatem nesciunt a. Amet qui unde exercitationem. Ullam cumque explicabo earum fugit rerum in eaque itaque.', 5, '2019-05-28 10:19:50', '2019-05-28 10:19:50'),
(249, 43, 'Ignatius Ankunding', 'Repellendus dicta enim similique fugiat numquam. Fugiat ad ex expedita aut omnis autem ratione. Unde qui voluptatibus non tenetur repudiandae.', 2, '2019-05-28 10:19:50', '2019-05-28 10:19:50'),
(250, 43, 'Maci Bahringer', 'Provident et quia ipsa vel. Voluptas et omnis suscipit in fugit. Est dolorum sint amet dolorem atque ea eos. Et reprehenderit rerum unde magni.', 1, '2019-05-28 10:19:50', '2019-05-28 10:19:50'),
(251, 45, 'Martina Oberbrunner DVM', 'Incidunt iste quas officia vel exercitationem harum adipisci. Rem dolore in est voluptas nesciunt perspiciatis. Maiores non beatae doloribus.', 1, '2019-05-28 10:19:50', '2019-05-28 10:19:50'),
(252, 19, 'Prof. Lacy Wiegand', 'Dolorum deleniti molestiae reprehenderit nulla explicabo. Qui provident nisi ullam voluptas qui repudiandae esse. Facere numquam ratione quia nostrum. Voluptas qui cumque officia molestias sed.', 2, '2019-05-28 10:19:50', '2019-05-28 10:19:50'),
(253, 48, 'Dr. Ned Kerluke', 'Molestiae id eaque et fugit blanditiis sed nulla. Non molestiae voluptas nihil est quae sunt. Eveniet quia sint non debitis aut. Dolorem consectetur natus minus ullam voluptas.', 0, '2019-05-28 10:19:50', '2019-05-28 10:19:50'),
(254, 25, 'Erna Pacocha', 'Voluptas fugiat et rerum eum. Minima alias modi ducimus ea ut eligendi quaerat. Assumenda numquam modi hic quia.', 3, '2019-05-28 10:19:50', '2019-05-28 10:19:50'),
(255, 15, 'Litzy Reynolds', 'Saepe enim ab et. Sed beatae vitae accusantium magni culpa. Sunt laboriosam id aut suscipit. Beatae inventore at molestiae labore.', 5, '2019-05-28 10:19:50', '2019-05-28 10:19:50'),
(256, 28, 'Golden Bechtelar DDS', 'A cumque sed eaque animi labore quidem. Ea laudantium qui est veritatis asperiores. Iure quae aspernatur id eos aut. Aut voluptatum esse temporibus corrupti quia. At fuga quo illo consequatur neque est et aut.', 5, '2019-05-28 10:19:50', '2019-05-28 10:19:50'),
(257, 20, 'Dr. Gia Grady', 'Repudiandae quo qui impedit assumenda voluptate quia nobis. Sed error assumenda unde et voluptatem commodi. Neque quidem magni porro perferendis et id delectus velit. Libero totam iste laborum ratione. Iste quibusdam et recusandae voluptas nostrum harum libero fuga.', 2, '2019-05-28 10:19:50', '2019-05-28 10:19:50'),
(258, 46, 'Kaylee Frami', 'Laborum labore ad eum reprehenderit non iste eaque. Quia at quia blanditiis est. Reiciendis nemo quam iusto in velit unde impedit. Et consequatur nostrum nesciunt beatae neque nemo.', 2, '2019-05-28 10:19:50', '2019-05-28 10:19:50'),
(259, 34, 'Jaqueline Kessler', 'Nemo enim minima quis nemo molestiae blanditiis dolorem. Voluptatem sit aliquam ea unde. Praesentium qui saepe eum sint magni aliquam distinctio dolorem.', 0, '2019-05-28 10:19:50', '2019-05-28 10:19:50'),
(260, 9, 'Jackeline Stoltenberg', 'Nemo tempore molestias quibusdam similique voluptas deleniti sit vitae. Accusamus doloribus ea expedita commodi et. Quibusdam quis odit cumque qui blanditiis voluptatem est. Expedita commodi voluptatem facere maxime neque temporibus facere.', 5, '2019-05-28 10:19:50', '2019-05-28 10:19:50'),
(261, 43, 'Prof. Fletcher Kuphal Sr.', 'Consectetur exercitationem officiis doloremque in natus. Facere consequatur odio dolores quo. Est ipsa alias ratione ipsa architecto voluptatem reiciendis. Qui ullam quod illum nobis fuga veritatis. Non deleniti rem sed soluta quae nesciunt esse mollitia.', 5, '2019-05-28 10:19:50', '2019-05-28 10:19:50'),
(262, 47, 'Mrs. Corrine Reichert Jr.', 'Ducimus quia qui distinctio in nesciunt inventore. Dicta consequuntur commodi natus porro aliquam quia. Ex dolores molestiae praesentium doloribus voluptates sit facilis.', 0, '2019-05-28 10:19:50', '2019-05-28 10:19:50'),
(263, 32, 'Mariela Olson III', 'Nam expedita mollitia in suscipit fugit saepe. Facilis eligendi aperiam modi nam qui. Quas corrupti exercitationem quod ullam ea est totam. Voluptas non vel enim et et quibusdam saepe.', 5, '2019-05-28 10:19:50', '2019-05-28 10:19:50'),
(264, 21, 'Bernadette Cremin', 'Corporis eos consequuntur et laudantium explicabo aut voluptatum omnis. Iste est dicta nihil non. Odio consequatur dolorem debitis officiis quasi dolorem odio. Deserunt quas nihil cum et nam et est.', 1, '2019-05-28 10:19:50', '2019-05-28 10:19:50'),
(265, 49, 'Ms. Shanon Greenholt MD', 'Nostrum sit ut nam sunt nulla quae et. Ut porro aut dolore earum. Dolor nihil quasi nemo sint iure.', 4, '2019-05-28 10:19:50', '2019-05-28 10:19:50'),
(266, 30, 'Dr. Nicklaus Turner II', 'Maxime aut impedit ut est. Saepe nesciunt aperiam autem ratione velit. A id similique excepturi omnis.', 2, '2019-05-28 10:19:50', '2019-05-28 10:19:50'),
(267, 49, 'Remington Hills', 'Ea corporis a est enim. Quo aut at eligendi sequi unde voluptas. Pariatur officia hic vitae quia et sequi accusamus. Fugit in omnis necessitatibus molestias molestiae.', 1, '2019-05-28 10:19:50', '2019-05-28 10:19:50'),
(268, 8, 'Prof. Thad Bauch MD', 'Velit optio voluptatem consequatur tempore quia ipsam. Magni aut repellat et repellat accusamus.', 0, '2019-05-28 10:19:50', '2019-05-28 10:19:50'),
(269, 34, 'Albin Heller', 'Facilis enim consequatur et voluptatem. Voluptates eius id pariatur atque voluptatum mollitia corrupti. Delectus id velit quam maxime harum.', 5, '2019-05-28 10:19:50', '2019-05-28 10:19:50'),
(270, 48, 'Daphnee Wuckert', 'Nesciunt et dolor quod iure. Alias itaque ex hic id aut. Exercitationem quae nam est. Modi aut quia quo neque.', 0, '2019-05-28 10:19:50', '2019-05-28 10:19:50'),
(271, 6, 'Rylan Smith', 'Ipsa assumenda atque dolore dignissimos eos sunt. Sit dolores porro non quo dolor dolore. Voluptatem asperiores doloribus quas non explicabo et rem. Odio aliquid dolor quod voluptas.', 3, '2019-05-28 10:19:50', '2019-05-28 10:19:50'),
(272, 3, 'Mr. Easter Adams', 'Voluptatem ipsa ut deleniti quo voluptatum et. Quis qui natus quo quia nulla ducimus quis. Aliquam saepe ducimus alias fugiat. Nulla laboriosam harum eaque nulla.', 2, '2019-05-28 10:19:50', '2019-05-28 10:19:50'),
(273, 33, 'Victor Swift', 'Voluptatum id ut ut ab molestias qui qui. Et eveniet nisi est officiis. Ea molestias quibusdam in laboriosam qui aut itaque. Nostrum sunt rerum voluptas in eos ipsum inventore.', 0, '2019-05-28 10:19:50', '2019-05-28 10:19:50'),
(274, 9, 'Krystina Homenick', 'Velit numquam debitis natus maiores ratione. Labore cum officiis consectetur. Eos at ea quo et recusandae.', 0, '2019-05-28 10:19:50', '2019-05-28 10:19:50'),
(275, 49, 'Meda Corwin', 'Non recusandae deleniti aut blanditiis. Illo occaecati recusandae quia reiciendis. Laudantium voluptatem vel exercitationem itaque velit asperiores perspiciatis.', 1, '2019-05-28 10:19:50', '2019-05-28 10:19:50'),
(276, 24, 'Felicia Daugherty', 'Aperiam aut excepturi maiores itaque quod et eaque. Possimus dolorum fugit aut aperiam voluptatem. Sint eum quaerat necessitatibus rerum et possimus. Qui voluptas beatae occaecati delectus.', 2, '2019-05-28 10:19:50', '2019-05-28 10:19:50'),
(277, 15, 'Jamel Dietrich', 'A eveniet ad voluptas sed eligendi laboriosam culpa. Dolorum dolorum blanditiis dolores eaque dolorum. Suscipit nisi alias accusamus qui molestiae temporibus. Enim blanditiis nemo quam provident.', 1, '2019-05-28 10:19:50', '2019-05-28 10:19:50'),
(278, 35, 'Prof. Lauriane Kuhlman I', 'Consequatur fugit occaecati ad quos et quae aliquam. Incidunt rerum et culpa non rerum. Optio vel beatae fugiat accusamus libero cumque at. Id a earum architecto occaecati quisquam.', 2, '2019-05-28 10:19:50', '2019-05-28 10:19:50'),
(279, 25, 'Abel Carter II', 'Incidunt architecto non laudantium numquam cupiditate. Amet ipsum alias laborum ipsa corporis maxime perferendis. Velit nostrum minus ducimus illum commodi.', 1, '2019-05-28 10:19:50', '2019-05-28 10:19:50'),
(280, 23, 'Riley Brekke', 'Magni aut aut ducimus reprehenderit quisquam earum sed. Est architecto omnis iure dolor culpa quo. Consequatur et ipsum officiis modi omnis quia alias earum. Nemo officia ut illum laudantium ut ipsam mollitia.', 3, '2019-05-28 10:19:50', '2019-05-28 10:19:50'),
(281, 36, 'Euna Padberg', 'Inventore illum alias nihil repudiandae. Ipsa eum et sapiente nam. Est rerum est rerum at. Eos libero voluptates velit nisi quia sit deleniti.', 3, '2019-05-28 10:19:50', '2019-05-28 10:19:50'),
(282, 29, 'Raphael Hickle', 'Veniam amet nihil optio maxime asperiores corrupti. Facere dolor voluptatum repudiandae similique. Eum aut dignissimos aut optio.', 0, '2019-05-28 10:19:50', '2019-05-28 10:19:50'),
(283, 36, 'Dina Little', 'Ea recusandae deleniti tempore. Laudantium facere libero nam aspernatur deleniti. Iusto aliquam velit eligendi veritatis culpa aut. Recusandae sit vel cumque ea blanditiis ea in.', 4, '2019-05-28 10:19:50', '2019-05-28 10:19:50'),
(284, 18, 'Lucio Eichmann', 'Animi animi doloremque et. Nam autem maxime vel harum voluptas autem. Voluptatum dolores veniam nisi sint et minima.', 2, '2019-05-28 10:19:50', '2019-05-28 10:19:50'),
(285, 48, 'Mr. Demarco Russel', 'Alias voluptatem quia doloribus. Aliquid similique ut nesciunt vel ut autem cum est. Autem quis vero non.', 3, '2019-05-28 10:19:50', '2019-05-28 10:19:50'),
(286, 16, 'Lizeth Jenkins', 'Quas dolorem dolor minus. Voluptatem facilis voluptates aut totam magnam eum quis.', 1, '2019-05-28 10:19:50', '2019-05-28 10:19:50'),
(287, 39, 'Ariane Mosciski', 'Saepe aut qui cupiditate officiis repellat omnis. Perspiciatis excepturi molestias at non voluptatem consequatur. Dolor voluptatibus aliquid recusandae nemo.', 3, '2019-05-28 10:19:50', '2019-05-28 10:19:50'),
(288, 9, 'Dr. Bart Hahn', 'Suscipit fugiat optio qui ipsa ratione similique ullam. Natus veritatis aliquid animi aspernatur laborum iure dolor.', 0, '2019-05-28 10:19:50', '2019-05-28 10:19:50'),
(289, 25, 'Mr. Francesco Harvey PhD', 'Enim vel autem dolorum amet. Itaque asperiores fugit mollitia est voluptatum enim. At eos repudiandae earum aut amet incidunt porro inventore. Cupiditate quibusdam commodi tempora sit quisquam temporibus dolores ratione.', 2, '2019-05-28 10:19:50', '2019-05-28 10:19:50'),
(290, 2, 'Germaine Bins III', 'Itaque doloremque itaque quisquam est culpa itaque iste et. Quaerat est earum porro voluptatem quis quibusdam. Consectetur ducimus quia temporibus. Quia impedit tenetur accusamus inventore.', 5, '2019-05-28 10:19:50', '2019-05-28 10:19:50'),
(291, 9, 'Mr. Lionel Dietrich', 'Pariatur voluptate ipsa magni voluptas autem eum dolores. Voluptas harum iure aut. Exercitationem nihil voluptatibus dolorem iste.', 1, '2019-05-28 10:19:50', '2019-05-28 10:19:50'),
(292, 49, 'Jessyca Koepp MD', 'Consequatur distinctio est dolores eaque. Labore voluptatem et dolorem deleniti.', 5, '2019-05-28 10:19:50', '2019-05-28 10:19:50'),
(293, 41, 'Dr. Eleonore Wuckert', 'Molestiae necessitatibus dolore quae. Sed voluptatem molestiae debitis incidunt facilis sint. Eligendi animi ratione tenetur ut deserunt dolorem.', 5, '2019-05-28 10:19:50', '2019-05-28 10:19:50'),
(294, 12, 'Vince Morar', 'Laborum omnis tempore veniam sint culpa odit voluptatem. Quia enim veniam explicabo quidem. Aut vel et dolore qui.', 2, '2019-05-28 10:19:50', '2019-05-28 10:19:50'),
(295, 34, 'Caroline Koepp', 'Quae sunt eos nihil doloremque. Quidem dolores quis ipsam voluptatem consequatur maxime. Soluta ad dolorem cupiditate rerum quia cupiditate consequuntur. Maxime aut autem nisi facere asperiores.', 0, '2019-05-28 10:19:50', '2019-05-28 10:19:50'),
(296, 20, 'Mr. Joel Bashirian', 'Cupiditate aut reiciendis accusantium. Itaque et laborum laborum eum non distinctio blanditiis error. Placeat dolor non impedit voluptate. Explicabo rerum voluptatem eum repudiandae.', 5, '2019-05-28 10:19:50', '2019-05-28 10:19:50'),
(297, 34, 'Prof. Omer Hessel DDS', 'Accusantium eius ut velit sint quisquam consequatur laborum. Perspiciatis voluptatem ut est corrupti assumenda repudiandae. Dolorem vel aperiam cumque odit illo. Ab fugit qui nisi rem ut quia eos omnis.', 0, '2019-05-28 10:19:50', '2019-05-28 10:19:50'),
(298, 49, 'Prof. Katrina Pouros', 'Ut dolorem corrupti voluptate doloremque voluptatem sapiente adipisci rerum. Quasi asperiores a enim eum reiciendis nam voluptatum. Non sit recusandae architecto et quia mollitia cum quisquam.', 4, '2019-05-28 10:19:50', '2019-05-28 10:19:50'),
(299, 28, 'Esmeralda Feil', 'In sed non est accusamus sit accusantium dolor. Culpa voluptatibus eligendi quis. In doloremque sint nostrum et. Fuga atque dignissimos et pariatur.', 4, '2019-05-28 10:19:50', '2019-05-28 10:19:50'),
(300, 41, 'Vena Dicki Jr.', 'Et vel doloribus sint amet sint et repudiandae. Omnis dolorem iusto aliquid ut sint est qui. Tenetur quis nihil qui nulla.', 4, '2019-05-28 10:19:50', '2019-05-28 10:19:50');

-- --------------------------------------------------------

--
-- Cấu trúc bảng cho bảng `users`
--

CREATE TABLE `users` (
  `id` bigint(20) UNSIGNED NOT NULL,
  `name` varchar(191) COLLATE utf8mb4_unicode_ci NOT NULL,
  `email` varchar(191) COLLATE utf8mb4_unicode_ci NOT NULL,
  `email_verified_at` timestamp NULL DEFAULT NULL,
  `password` varchar(191) COLLATE utf8mb4_unicode_ci NOT NULL,
  `remember_token` varchar(100) COLLATE utf8mb4_unicode_ci DEFAULT NULL,
  `created_at` timestamp NULL DEFAULT NULL,
  `updated_at` timestamp NULL DEFAULT NULL
) ENGINE=InnoDB DEFAULT CHARSET=utf8mb4 COLLATE=utf8mb4_unicode_ci;

--
-- Chỉ mục cho các bảng đã đổ
--

--
-- Chỉ mục cho bảng `migrations`
--
ALTER TABLE `migrations`
  ADD PRIMARY KEY (`id`);

--
-- Chỉ mục cho bảng `password_resets`
--
ALTER TABLE `password_resets`
  ADD KEY `password_resets_email_index` (`email`);

--
-- Chỉ mục cho bảng `products`
--
ALTER TABLE `products`
  ADD PRIMARY KEY (`id`);

--
-- Chỉ mục cho bảng `reviews`
--
ALTER TABLE `reviews`
  ADD PRIMARY KEY (`id`),
  ADD KEY `reviews_product_id_index` (`product_id`);

--
-- Chỉ mục cho bảng `users`
--
ALTER TABLE `users`
  ADD PRIMARY KEY (`id`),
  ADD UNIQUE KEY `users_email_unique` (`email`);

--
-- AUTO_INCREMENT cho các bảng đã đổ
--

--
-- AUTO_INCREMENT cho bảng `migrations`
--
ALTER TABLE `migrations`
  MODIFY `id` int(10) UNSIGNED NOT NULL AUTO_INCREMENT, AUTO_INCREMENT=5;

--
-- AUTO_INCREMENT cho bảng `products`
--
ALTER TABLE `products`
  MODIFY `id` int(10) UNSIGNED NOT NULL AUTO_INCREMENT, AUTO_INCREMENT=51;

--
-- AUTO_INCREMENT cho bảng `reviews`
--
ALTER TABLE `reviews`
  MODIFY `id` int(10) UNSIGNED NOT NULL AUTO_INCREMENT, AUTO_INCREMENT=301;

--
-- AUTO_INCREMENT cho bảng `users`
--
ALTER TABLE `users`
  MODIFY `id` bigint(20) UNSIGNED NOT NULL AUTO_INCREMENT;

--
-- Các ràng buộc cho các bảng đã đổ
--

--
-- Các ràng buộc cho bảng `reviews`
--
ALTER TABLE `reviews`
  ADD CONSTRAINT `reviews_product_id_foreign` FOREIGN KEY (`product_id`) REFERENCES `products` (`id`) ON DELETE CASCADE;
COMMIT;

/*!40101 SET CHARACTER_SET_CLIENT=@OLD_CHARACTER_SET_CLIENT */;
/*!40101 SET CHARACTER_SET_RESULTS=@OLD_CHARACTER_SET_RESULTS */;
/*!40101 SET COLLATION_CONNECTION=@OLD_COLLATION_CONNECTION */;
